source_id,file_path,file_name,format,status,error_message,file_size_bytes,file_sha256,text_length,text_sha256,duplicate_file_group,source_has_multiple_files,raw_text_output,processed_at_utc
S001,core/S001_9a20554b-en.pdf,S001_9a20554b-en.pdf,pdf,ok,,8573945,3d39e8e4a6bb987f9a13eb9d5e53670a410c5288eb5993571178c8dfb8da2593,395203,03bfe11f16dc0510fa634298af9ebc7f9314e00eedcbce53843151c16eac267a,file_sha256:3d39e8e4a6bb987f,False,raw_text/S001.txt,2026-05-17T13:52:46.727935+00:00
S002,core/S002_9a20554b-en.pdf,S002_9a20554b-en.pdf,pdf,ok,,8573945,3d39e8e4a6bb987f9a13eb9d5e53670a410c5288eb5993571178c8dfb8da2593,395203,03bfe11f16dc0510fa634298af9ebc7f9314e00eedcbce53843151c16eac267a,file_sha256:3d39e8e4a6bb987f,False,raw_text/S002.txt,2026-05-17T13:52:46.727935+00:00
S003,core/S003_9a20554b-en.pdf,S003_9a20554b-en.pdf,pdf,ok,,8573945,3d39e8e4a6bb987f9a13eb9d5e53670a410c5288eb5993571178c8dfb8da2593,395203,03bfe11f16dc0510fa634298af9ebc7f9314e00eedcbce53843151c16eac267a,file_sha256:3d39e8e4a6bb987f,False,raw_text/S003.txt,2026-05-17T13:52:46.727935+00:00
S004,core/S004_9a20554b-en.pdf,S004_9a20554b-en.pdf,pdf,ok,,8573945,3d39e8e4a6bb987f9a13eb9d5e53670a410c5288eb5993571178c8dfb8da2593,395203,03bfe11f16dc0510fa634298af9ebc7f9314e00eedcbce53843151c16eac267a,file_sha256:3d39e8e4a6bb987f,False,raw_text/S004.txt,2026-05-17T13:52:46.727935+00:00
S005,core/S005_968587cd-en.pdf,S005_968587cd-en.pdf,pdf,ok,,10061944,58f2772ebf642946287bee92bea9d2ddaffd8a0429496a1568b8fdb70df5dc54,193849,f7bcbff0fff48723bd6f46b67fdd7ef07d2b56d96521fad47a86a82bb19c725c,file_sha256:58f2772ebf642946,False,raw_text/S005.txt,2026-05-17T13:52:46.727935+00:00
S006,core/S006_968587cd-en.pdf,S006_968587cd-en.pdf,pdf,ok,,10061944,58f2772ebf642946287bee92bea9d2ddaffd8a0429496a1568b8fdb70df5dc54,193849,f7bcbff0fff48723bd6f46b67fdd7ef07d2b56d96521fad47a86a82bb19c725c,file_sha256:58f2772ebf642946,False,raw_text/S006.txt,2026-05-17T13:52:46.727935+00:00
S007,core/S007_968587cd-en.pdf,S007_968587cd-en.pdf,pdf,ok,,10061944,58f2772ebf642946287bee92bea9d2ddaffd8a0429496a1568b8fdb70df5dc54,193849,f7bcbff0fff48723bd6f46b67fdd7ef07d2b56d96521fad47a86a82bb19c725c,file_sha256:58f2772ebf642946,False,raw_text/S007.txt,2026-05-17T13:52:46.727935+00:00
S008,core/S008_968587cd-en.pdf,S008_968587cd-en.pdf,pdf,ok,,10061944,58f2772ebf642946287bee92bea9d2ddaffd8a0429496a1568b8fdb70df5dc54,193849,f7bcbff0fff48723bd6f46b67fdd7ef07d2b56d96521fad47a86a82bb19c725c,file_sha256:58f2772ebf642946,False,raw_text/S008.txt,2026-05-17T13:52:46.727935+00:00
S009,core/S009_undesa_pd_2024_WPP2024_Summary_of_Results.pdf,S009_undesa_pd_2024_WPP2024_Summary_of_Results.pdf,pdf,ok,,18523583,b5421436f2a0afc6ab5d668b9afb79418234d09c3115f1de4252419b26d748d7,206662,8724f08098169766581d8b146c85169aa5047e6a54cc3f03cdfbc20bfd2f162a,file_sha256:b5421436f2a0afc6,False,raw_text/S009.txt,2026-05-17T13:52:46.727935+00:00
S010,core/S010_undesa_pd_2024_WPP2024_Summary_of_Results.pdf,S010_undesa_pd_2024_WPP2024_Summary_of_Results.pdf,pdf,ok,,18523583,b5421436f2a0afc6ab5d668b9afb79418234d09c3115f1de4252419b26d748d7,206662,8724f08098169766581d8b146c85169aa5047e6a54cc3f03cdfbc20bfd2f162a,file_sha256:b5421436f2a0afc6,False,raw_text/S010.txt,2026-05-17T13:52:46.727935+00:00
S011,core/S011_GEP-June-2025.pdf,S011_GEP-June-2025.pdf,pdf,ok,,5947192,f3f1f5153c7c04a09271b0e7740566857e5f795bbbc7e002d832a534c27f5715,983592,5e9e648689ed97420ecaede67a312285354dae5e989326dfa0ef8658e6a35040,file_sha256:f3f1f5153c7c04a0,False,raw_text/S011.txt,2026-05-17T13:52:46.727935+00:00
S012,core/S012_GEP-June-2025.pdf,S012_GEP-June-2025.pdf,pdf,ok,,5947192,f3f1f5153c7c04a09271b0e7740566857e5f795bbbc7e002d832a534c27f5715,983592,5e9e648689ed97420ecaede67a312285354dae5e989326dfa0ef8658e6a35040,file_sha256:f3f1f5153c7c04a0,False,raw_text/S012.txt,2026-05-17T13:52:46.727935+00:00
S013,core/S013_GEP-Jan-2025.pdf,S013_GEP-Jan-2025.pdf,pdf,ok,,4222293,ad4168ba148876b68ca736a4deca87778d62a2a012e99c779b14bd7ed4771b71,970846,7e05f2933875bc4418f1a95e0d9c2d6be1c310014e54773e5c32ba147715f914,,False,raw_text/S013.txt,2026-05-17T13:52:46.727935+00:00
S014,core/S014_text.pdf,S014_text.pdf,pdf,ok,,9921063,1abbf93be8221b0365e9a35f2373add18e701f5181b4ffd5957b46cabe3128c9,709221,2e0258e37d4e8ea850f5617789a0b5a83f8ba2b1c1f59ab6330977eed81bf5f8,,False,raw_text/S014.txt,2026-05-17T13:52:46.727935+00:00
S015,core/S015_Global Recovery is Steady but Slow and Differs by Region • European University Institute.pdf,S015_Global Recovery is Steady but Slow and Differs by Region • European University Institute.pdf,pdf,ok,,347114,8a5b91f801850e415972a587e7ed8075fa1158071a42b6d7f8b5b235a8d18142,4016,ca63919b376897ea6cce39256ef1e581f7b0e7204e7edf34ddd5a10bba384597,,False,raw_text/S015.txt,2026-05-17T13:52:46.727935+00:00
S016,core/S016_Annual Report 2024.htm,S016_Annual Report 2024.htm,htm,ok,,624856,9719fa3d6f5b24e0bb8cf209e82aec960d9965c331fac590329e8149fc28a075,328796,cd6300052339d1f20fe5223abf9f2fea115bed3977e92399e882ef843abc9cf5,,False,raw_text/S016.txt,2026-05-17T13:52:46.727935+00:00
S017,core/S017_annual-review-2024-en.pdf,S017_annual-review-2024-en.pdf,pdf,ok,,14170304,16d2a37c5b7d4231ad0c51da5124b236b31d8759b81243b57f4c85883458ca22,115219,27c1c3890f4b646f9dd35d3c81f69650e0b066a7547ec8c7f3d7ce88f2ed89f5,,False,raw_text/S017.txt,2026-05-17T13:52:46.727935+00:00
S018,core/S018_full-year-results-press-release-2024-en.pdf,S018_full-year-results-press-release-2024-en.pdf,pdf,ok,,328706,1fc4ee9df3d5daede4e5f768e0b25d5313bbfbbe4eae127090ec55593192fba1,35100,e23c38085a3c7c18ea2eaecb7d7c03f0184b5378c22fd6c2fba642075f04f16b,,False,raw_text/S018.txt,2026-05-17T13:52:46.727935+00:00
S019,core/S019_FY24_Q2_Consolidated_Financial_Statements.pdf,S019_FY24_Q2_Consolidated_Financial_Statements.pdf,pdf,ok,,3142734,19fe6ef8359aa55b7f0609dbbc772f1d4a572b045cd2510413cfcb7384cbd21e,6403,5bd0f42476966509020b1b18e5fb60517a36003e9f0e55672a7e7d155eea2181,,False,raw_text/S019.txt,2026-05-17T13:52:46.727935+00:00
S020,core/S020_Apple cuts greenhouse gas emissions in half - Apple.htm,S020_Apple cuts greenhouse gas emissions in half - Apple.htm,htm,ok,,321238,b6bd638c8c0ea62461262700a676c698b012601b4afbfc2addc8285b275d0c50,32976,ca06317ea90150fb5f7ea2cc6bcfbbb04677fa3061c045c81439914613b14fde,,False,raw_text/S020.txt,2026-05-17T13:52:46.727935+00:00
S021,core/S021_Regulation - EU - 2024_1689 - EN - EUR-Lex.htm,S021_Regulation - EU - 2024_1689 - EN - EUR-Lex.htm,htm,ok,,1565310,ba8801b6dd38bd71b9da22e4c43485102834179623dc1fda561764456283c5f0,591659,237b4aee68f9791aefef4ec802d2e5890abda005725f4d70b4c367a0d92dac01,,False,raw_text/S021.txt,2026-05-17T13:52:46.727935+00:00
S023,core/S023_Carriages preview _ Legislative Train Schedule.htm,S023_Carriages preview _ Legislative Train Schedule.htm,htm,ok,,185762,b128273481053222f8576a59e1f8384c8c468c6e4a73bfd4fb54e44478fc6bec,18058,a34221e9af8166f93f7421b3e4505f671e5afe96b990045d32eaf980a41d7f57,,False,raw_text/S023.txt,2026-05-17T13:52:46.727935+00:00
S025,core/S025_Automated Vehicles Act 2024.htm,S025_Automated Vehicles Act 2024.htm,htm,ok,,189387,5d874be89c6323b334260e192ffad0c0497fca430ea55c5852eda4a42cbc5eb2,128482,7261e46a00d776b899e723a3612df16b6dbed036cc8ad9cd9ec8729e4bea57e2,,True,raw_text/S025.txt,2026-05-17T13:52:46.727935+00:00
S025,core/S025_ukpga_20240010_en.pdf,S025_ukpga_20240010_en.pdf,pdf,ok,,1303846,11e81e3c3658b82efdb6b4b510dd3d1e729e31a6b6699bd4445d035ac389c5d8,206665,d703db8ca512ee01b7eeb3a10fa2fbcb97b9920b689d73e433ce6a24eafb0fa9,,True,raw_text/S025.txt,2026-05-17T13:52:46.727935+00:00
S026,"core/S026_Digital Markets, Competition and Consumers Act 2024.htm","S026_Digital Markets, Competition and Consumers Act 2024.htm",htm,ok,,40509,2803618b3c0a95bc7f1ca1c7daae5805abd278b5dcda1b5c2ca5c6ccf64b436a,9738,c2dea447fb3875c3acab6970f9d1db2f4e16e0db0ee17a0c6f51d7b566937e77,,False,raw_text/S026.txt,2026-05-17T13:52:46.727935+00:00
S027,core/S027_Budget Responsibility Act 2024.htm,S027_Budget Responsibility Act 2024.htm,htm,ok,,26931,28f6c8b50ca91aaae51d68aa8e897251a30dfd20b59163bce565a4786ca9b849,4887,b468355b9362de0de27064e65b8f4ac50dce1077a9ae1128cad5efd92f98fb8d,,False,raw_text/S027.txt,2026-05-17T13:52:46.727935+00:00
S028,core/S028_Victims and Prisoners Act 2024.htm,S028_Victims and Prisoners Act 2024.htm,htm,ok,,29990,c39b4802bc88b7bc51aa99d0da63aadea6600cc351b15934286d35250ca8f42b,6239,4060ab071ce0a7c16f28edb0579f9b3aec30052877d24f6f09d0249f478979f9,,False,raw_text/S028.txt,2026-05-17T13:52:46.727935+00:00
S029,core/S029_Media Act 2024.htm,S029_Media Act 2024.htm,htm,ok,,240653,58cbbd70a54bdeba9086931c6f6f12829132a5387d5bf45427655bb077018b5f,165493,501627709338cee9a68de73c227dddce5688e0119ce0b11f54fc52edcaa7c981,,False,raw_text/S029.txt,2026-05-17T13:52:46.727935+00:00
S030,core/S030_2024_appendix_w_final_factsheet.pdf,S030_2024_appendix_w_final_factsheet.pdf,pdf,ok,,156631,e534b7db114e03ea986acd4a12c273ad24480b620a5a2f2e0cb7d8b9ba1d9818,2304,f65848a9f8cd9b8430c5699a0e3125bc15c9a4347ca903753fe7a32751a4fde7,,True,raw_text/S030.txt,2026-05-17T13:52:46.727935+00:00
S030,core/S030_Regulation - EU - 2024_1689 - EN - EUR-Lex.htm,S030_Regulation - EU - 2024_1689 - EN - EUR-Lex.htm,htm,ok,,1563498,ae203afd12d9ce2c3b74746eaa70df0da1b8d97c0233cd54b68a6ee29e61aecf,591659,237b4aee68f9791aefef4ec802d2e5890abda005725f4d70b4c367a0d92dac01,,True,raw_text/S030.txt,2026-05-17T13:52:46.727935+00:00
S031,core/S031_NIST.AI.100-1.pdf,S031_NIST.AI.100-1.pdf,pdf,ok,,1946127,7576edb531d9848825814ee88e28b1795d3a84b435b4b797d3670eafdc4a89f1,106539,923dd3386839aed8a7c0ac87f364f0f045e262fa8c6f2211d888d18c963bd9b3,,False,raw_text/S031.txt,2026-05-17T13:52:46.727935+00:00
S032,core/S032_NIST.AI.600-1.pdf,S032_NIST.AI.600-1.pdf,pdf,ok,,1174643,6e73620ab6b64e90ef2c04bf0e0d6246185a2f4b1b13cab0df494496cff89b6a,160811,a819607acbce9c4673fc7d6c7601042e78d03a4958b13e32266309dd1d4fc17e,file_sha256:6e73620ab6b64e90,False,raw_text/S032.txt,2026-05-17T13:52:46.727935+00:00
S033,core/S033_NIST.AI.600-1.pdf,S033_NIST.AI.600-1.pdf,pdf,ok,,1174643,6e73620ab6b64e90ef2c04bf0e0d6246185a2f4b1b13cab0df494496cff89b6a,160811,a819607acbce9c4673fc7d6c7601042e78d03a4958b13e32266309dd1d4fc17e,file_sha256:6e73620ab6b64e90,False,raw_text/S033.txt,2026-05-17T13:52:46.727935+00:00
S034,core/S034_NIST.AI.600-1.pdf,S034_NIST.AI.600-1.pdf,pdf,ok,,1174643,6e73620ab6b64e90ef2c04bf0e0d6246185a2f4b1b13cab0df494496cff89b6a,160811,a819607acbce9c4673fc7d6c7601042e78d03a4958b13e32266309dd1d4fc17e,file_sha256:6e73620ab6b64e90,False,raw_text/S034.txt,2026-05-17T13:52:46.727935+00:00
S035,core/S035_ai-2025-00109_revised_ISO_IEC_23894_Crosswalk_to_the_NIST_AI_RMF.pdf,S035_ai-2025-00109_revised_ISO_IEC_23894_Crosswalk_to_the_NIST_AI_RMF.pdf,pdf,ok,,135070,0ed423cfda348212c81b9c2e4a0b2c214aff94f04a576b43d0c72a1fd9d2dcb6,3092,809eea64f776dacb5a2a357db418d0ed4bc53c3f66cd6afa4b25ccae9fd78686,,False,raw_text/S035.txt,2026-05-17T13:52:46.727935+00:00
S036,core/S036_a51eb9b2-en.pdf,S036_a51eb9b2-en.pdf,pdf,ok,,2136919,d26b3723e1f125710ba70dedd8bcddb4ec6bcc523f20f2da91a44b7aa9dc3da5,164294,2226dc52bfec56e38474b03db57e5073a98c6dd0c509a9e64ebce9d3b0a2cd09,,False,raw_text/S036.txt,2026-05-17T13:52:46.727935+00:00
S037,core/S037_Create a model response _ OpenAI API Reference.htm,S037_Create a model response _ OpenAI API Reference.htm,htm,ok,,39687365,6f5a51a6df7ec319b6c178a219375103a80eb07514966a46a54e45cbd0cee095,1431523,45a6a5f15637dd46c2ce65d0b117f1efb8a105812174235c6437c607ceefcf44,,False,raw_text/S037.txt,2026-05-17T13:52:46.727935+00:00
S038,core/S038_New tools and features in the Responses API _ OpenAI.htm,S038_New tools and features in the Responses API _ OpenAI.htm,htm,ok,,379557,bf37b6ef5fe474ebcd562580bddd17bfbf6284176b60d7ea5af7dd576b67d7f2,10516,7f66f37f7f15df990910850c862228fd98a30fc2e3ebd1f844ff2e448a02c97d,,False,raw_text/S038.txt,2026-05-17T13:52:46.727935+00:00
S039,core/S039_FY24_Q3_Consolidated_Financial_Statements.pdf,S039_FY24_Q3_Consolidated_Financial_Statements.pdf,pdf,ok,,3148513,e435ff39122eab86559349cc7795f91d81b2a0fda8e920e258a7803be8d4573b,5925,b73f81f3c81f32681e1a6083800f355817d2a9147b815c661c7eaf8785302c23,,False,raw_text/S039.txt,2026-05-17T13:52:46.727935+00:00
S040,core/S040_Microsoft 2024 Annual Report.htm,S040_Microsoft 2024 Annual Report.htm,htm,ok,,493008,81ac08e5a351e3870ff4454a936794f18f3ba7ba2e1d7d63e3bcb8846192cb2b,273278,1d7f6d08a7435645a37e5e8c0ad12f854753c48e08a78b108285790418371ab4,,False,raw_text/S040.txt,2026-05-17T13:52:46.727935+00:00
S041,core/S041_c00cad36-en.pdf,S041_c00cad36-en.pdf,pdf,ok,,23028712,9ad4a48c2a3219438c4d866c96467f789d28f4e51491130b134d68b46f5514a6,1375477,afcb3874e4fffaec70f731f3340f72cb06d9bfc07345d5e90fb2c5ccb22dd590,file_sha256:9ad4a48c2a321943,False,raw_text/S041.txt,2026-05-17T13:52:46.727935+00:00
S042,core/S042_c00cad36-en.pdf,S042_c00cad36-en.pdf,pdf,ok,,23028712,9ad4a48c2a3219438c4d866c96467f789d28f4e51491130b134d68b46f5514a6,1375477,afcb3874e4fffaec70f731f3340f72cb06d9bfc07345d5e90fb2c5ccb22dd590,file_sha256:9ad4a48c2a321943,False,raw_text/S042.txt,2026-05-17T13:52:46.727935+00:00
S043,core/S043_dd5140e4-en.pdf,S043_dd5140e4-en.pdf,pdf,ok,,3527483,4a320e09d74ea2b3f433f55e19e48ccf0baf59b0f365123182d18cb9ef74b11d,454016,8140b98274809c1bb81d97c81fe50eb48355c4ae97ef5d2afcababdafb76f3a3,file_sha256:4a320e09d74ea2b3,False,raw_text/S043.txt,2026-05-17T13:52:46.727935+00:00
S044,core/S044_dd5140e4-en.pdf,S044_dd5140e4-en.pdf,pdf,ok,,3527483,4a320e09d74ea2b3f433f55e19e48ccf0baf59b0f365123182d18cb9ef74b11d,454016,8140b98274809c1bb81d97c81fe50eb48355c4ae97ef5d2afcababdafb76f3a3,file_sha256:4a320e09d74ea2b3,False,raw_text/S044.txt,2026-05-17T13:52:46.727935+00:00
S045,core/S045_391406eng.pdf,S045_391406eng.pdf,pdf,ok,,14544630,dfbccd651a885246920e230ce8e63384600d77ed35c3b631749d7ed5367ea5fb,1932148,8a9a5e3569b0c1ee4243250cfb3d8a3af56a1ea1746e4cdc053be12a96130fd1,file_sha256:dfbccd651a885246,False,raw_text/S045.txt,2026-05-17T13:52:46.727935+00:00
S046,core/S046_391406eng.pdf,S046_391406eng.pdf,pdf,ok,,14544630,dfbccd651a885246920e230ce8e63384600d77ed35c3b631749d7ed5367ea5fb,1932148,8a9a5e3569b0c1ee4243250cfb3d8a3af56a1ea1746e4cdc053be12a96130fd1,file_sha256:dfbccd651a885246,False,raw_text/S046.txt,2026-05-17T13:52:46.727935+00:00
S047,core/S047_389406eng.pdf,S047_389406eng.pdf,pdf,ok,,4575465,4d680f6d422fbe6ef08c093e14a1816f875c3cd4ceca8e2055d02af758b0df86,178399,8a1eaef2e4d53e7abeaf023ea5ea3a2a30d720d28d6dd4232ff560deb9eb2e21,,False,raw_text/S047.txt,2026-05-17T13:52:46.727935+00:00
S050,core/S050_Obesity and overweight.htm,S050_Obesity and overweight.htm,htm,ok,,326125,fb04ebdcd6c9b0735535a703a5b13864d105140e541f272dc78158653c76eb38,21650,6d30d5c6a0127f6b02b16af08994ea2293406bb64071ba843341983b6ed623c8,,False,raw_text/S050.txt,2026-05-17T13:52:46.727935+00:00
S051,core/S051_NIST.AI.600-1.pdf,S051_NIST.AI.600-1.pdf,pdf,ok,,1174643,6e73620ab6b64e90ef2c04bf0e0d6246185a2f4b1b13cab0df494496cff89b6a,160811,a819607acbce9c4673fc7d6c7601042e78d03a4958b13e32266309dd1d4fc17e,file_sha256:6e73620ab6b64e90,True,raw_text/S051.txt,2026-05-17T13:52:46.727935+00:00
S051,core/S051_ac8b3538-en.pdf,S051_ac8b3538-en.pdf,pdf,ok,,5762789,a09f3109009a04adf11963deb7037ed9d5fc13f7c09f94fe599c96d959e20a59,942126,89fc2201c0dfb85dfdb6d1e75528fcb9aaf3a34e00e3fae8f4c9347dc6bdcf56,,True,raw_text/S051.txt,2026-05-17T13:52:46.727935+00:00
S052,core/S052_71e1f7a0-en.pdf,S052_71e1f7a0-en.pdf,pdf,ok,,260368,d8be14f120e30b0430926240b9df30c2028559984a77cf9897e5fef1252712c6,7582,96f9c21aa35e100f059f81027a8d2b7117c66e43af7916cc417809e39119d92d,,False,raw_text/S052.txt,2026-05-17T13:52:46.727935+00:00
S053,core/S053_10dd9f73-en.pdf,S053_10dd9f73-en.pdf,pdf,ok,,308381,e49ec86991bd1065bcef7dd90c76fe775de6952927612e8d5838ee6ff88c2e29,9544,0cdcc0df647f96d29870181572e9561fae72ae3777147d8f670d4f2640911a4f,,False,raw_text/S053.txt,2026-05-17T13:52:46.727935+00:00
S054,core/S054_6ff7c0af-en.pdf,S054_6ff7c0af-en.pdf,pdf,ok,,270536,c20a25efc8ed4825e32f3a76684ec5d7997fccdee8177c5c3d964307a8e85ed5,7859,f9b7fb5010e8325e2d197faa5af224cfe2da7873892f55bd3f85dc8a1fd5ac23,,False,raw_text/S054.txt,2026-05-17T13:52:46.727935+00:00
S055,core/S055_918d8db3-en.pdf,S055_918d8db3-en.pdf,pdf,ok,,10097860,8bedf1bd79942aab6b87d74682963cb92117cc5ff9014e6e532e84fb0ee0a41b,358544,f33b4c1b5f227f45d992215ce852a8018ac263061fbb2552aaa15584a9d58d6d,file_sha256:8bedf1bd79942aab,False,raw_text/S055.txt,2026-05-17T13:52:46.727935+00:00
S056,core/S056_d4468afc-en.pdf,S056_d4468afc-en.pdf,pdf,ok,,172930,dcab2d568a7246c53da5c00e0753281ac6fd0afd07f5847e029592dbe9149dbb,3880,eccb8a362d9caf13e0b69e262bd3a33e95d54fc83fe1f2b136327f54d9ff4e6d,,False,raw_text/S056.txt,2026-05-17T13:52:46.727935+00:00
S057,core/S057_918d8db3-en.pdf,S057_918d8db3-en.pdf,pdf,ok,,10097860,8bedf1bd79942aab6b87d74682963cb92117cc5ff9014e6e532e84fb0ee0a41b,358544,f33b4c1b5f227f45d992215ce852a8018ac263061fbb2552aaa15584a9d58d6d,file_sha256:8bedf1bd79942aab,False,raw_text/S057.txt,2026-05-17T13:52:46.727935+00:00
S058,core/S058_50b0353e-en.pdf,S058_50b0353e-en.pdf,pdf,ok,,8409178,daafc2127a7dc4dbbb86af4d4d88453051fd0ce96833b3d2285eacc8824add9f,1127434,accbae6147fd6feb055934c2baa0417b92a09eca3f1c4901fd563c5f0a5709d5,file_sha256:daafc2127a7dc4db,False,raw_text/S058.txt,2026-05-17T13:52:46.727935+00:00
S059,core/S059_50b0353e-en.pdf,S059_50b0353e-en.pdf,pdf,ok,,8409178,daafc2127a7dc4dbbb86af4d4d88453051fd0ce96833b3d2285eacc8824add9f,1127434,accbae6147fd6feb055934c2baa0417b92a09eca3f1c4901fd563c5f0a5709d5,file_sha256:daafc2127a7dc4db,False,raw_text/S059.txt,2026-05-17T13:52:46.727935+00:00
S060,core/S060_765ee8c2-en.pdf,S060_765ee8c2-en.pdf,pdf,ok,,26839629,096fafeea327c94be8dd8bc45e145452dacf693a4e8c6a00ce981131ee3b7611,799826,54b1263e217fc1582dd676070b2bbd3107e2adcba61ff1e9bf61ad4bdd79ba46,,False,raw_text/S060.txt,2026-05-17T13:52:46.727935+00:00
S061,core/S061_01820d6d-en.pdf,S061_01820d6d-en.pdf,pdf,ok,,9185880,6f6ccf26beb01372b79bdea74bf8e49b417404f2ee81fb031c4cf7d917a89fdc,1591735,fc00ed240b2b11c30d3557241aeff82192fea3ed6382a59d908bb8452992db9a,,False,raw_text/S061.txt,2026-05-17T13:52:46.727935+00:00
S062,core/S062_c2e44201-en.pdf,S062_c2e44201-en.pdf,pdf,ok,,10653288,15529f7d284cd40f753292a3c15db0cce9532ee397957168ebe5bac709c2c16a,922123,9c945522fc8d2e4e5359721d6522652a973503b03b2a6ea6fc45e84fc8ed7821,,False,raw_text/S062.txt,2026-05-17T13:52:46.727935+00:00
S063,core/S063_90df6235-en.pdf,S063_90df6235-en.pdf,pdf,ok,,9874910,35a07cf5a46f926717707d6f71f7f1ac4144536195bcf05e1ed7d729d3999024,958985,ff09a73e6981d5a3938e1482deba289f462f62fe6c7cfce12a62adbff215774a,,False,raw_text/S063.txt,2026-05-17T13:52:46.727935+00:00
S064,core/S064_b3704e14-en.pdf,S064_b3704e14-en.pdf,pdf,ok,,11566508,6a8129801cbb7b4bc12c28febc4a8e9b1fcb95c21d29969540718c9db471325f,724890,f0483471abfba8866a36ac407879ce7c5712fe467ad6111e6385f879015a435c,file_sha256:6a8129801cbb7b4b,False,raw_text/S064.txt,2026-05-17T13:52:46.727935+00:00
S065,core/S065_918d8db3-en.pdf,S065_918d8db3-en.pdf,pdf,ok,,10097860,8bedf1bd79942aab6b87d74682963cb92117cc5ff9014e6e532e84fb0ee0a41b,358544,f33b4c1b5f227f45d992215ce852a8018ac263061fbb2552aaa15584a9d58d6d,file_sha256:8bedf1bd79942aab,False,raw_text/S065.txt,2026-05-17T13:52:46.727935+00:00
S066,core/S066_90ba854a-en.pdf,S066_90ba854a-en.pdf,pdf,ok,,6919170,728646ac391a9534fa7837652c7f6c1060810b5292fb7163d4f21dadaf4c909e,256454,10a0f47d81a83751aea8a943ec72c3c22041183816212a0773638f355f5b07e2,,False,raw_text/S066.txt,2026-05-17T13:52:46.727935+00:00
S067,core/S067_9789240094703-eng.pdf,S067_9789240094703-eng.pdf,pdf,ok,,4730708,f7b08734131ff6b3e07a508f2efc12a94c85ce19eaee2a98f0bbc57fad3c3555,263662,6de0f474a032168937880e9c6ffe9f797003ff63cb1f2afe7a78d5769c020c22,,False,raw_text/S067.txt,2026-05-17T13:52:46.727935+00:00
S068,core/S068_9789240095458-eng.pdf,S068_9789240095458-eng.pdf,pdf,ok,,6038916,21fb7447a496f100512a87e133dacd865312a7596d0af4ca6e54cff17dfed24d,963042,088374194b3861f05f7b24d582b221e9d996a935220a0e117acb9410e57c3645,,False,raw_text/S068.txt,2026-05-17T13:52:46.727935+00:00
S069,core/S069_9789240073579-eng.pdf,S069_9789240073579-eng.pdf,pdf,ok,,1335749,69f640f49af9db1be11825ed0769bbdfc336979e25637465080768de01ea01cc,116950,2c9c4cd1b4b5ce0e7a9af3cfab0da579499e07162f1c7eaaafc9a1f77f2067b3,,False,raw_text/S069.txt,2026-05-17T13:52:46.727935+00:00
S070,core/S070_391221eng.pdf,S070_391221eng.pdf,pdf,ok,,22817612,f86ffc9319373de2ad3a36d2708bcfbdd438476278daec33143e94987b03c9e3,976480,4720ada8d15e7075c0349104db6564a0330b92e64664c30484246165d76347ba,,False,raw_text/S070.txt,2026-05-17T13:52:46.727935+00:00
S071,core/S071_GEP-Jan-2024.pdf,S071_GEP-Jan-2024.pdf,pdf,ok,,6667286,6d2c4d2e6c702a1d8e092d7e28298550dcaabd48902c52e9efa72b4f1293643a,871197,be5ba13a7384184375ad5ba14307929483a924e893d4f9f012f4879854cdbcef,,False,raw_text/S071.txt,2026-05-17T13:52:46.727935+00:00
S072,core/S072_GEP-June-2024.pdf,S072_GEP-June-2024.pdf,pdf,ok,,6774652,c3e8651399f27ff58fae9d867d76957fb4eb40a271650b1a40ee862f33fde6a2,804950,1716a25860c64de3600a183a7db9d46479e0f9a312e025b05e3051f26cbd5cfa,,False,raw_text/S072.txt,2026-05-17T13:52:46.727935+00:00
S073,core/S073_The State of Economic Inclusion Report 2024.pdf,S073_The State of Economic Inclusion Report 2024.pdf,pdf,ok,,4061584,0b01ca55e7a0f6af1fa348a2364b961a5300c5a5a47f35045b0702739b08190f,590197,e126207f8299603675de3fc9db43e8f2e8871cc51aef6bcacaf88f175fc0cf71,,False,raw_text/S073.txt,2026-05-17T13:52:46.727935+00:00
S074,"core/S074_Poverty, Prosperity, and Planet Report 2024.pdf","S074_Poverty, Prosperity, and Planet Report 2024.pdf",pdf,ok,,9353030,0f22fde0c8121a3d089db740e92a7bf7d36d9ae18d2d01014fad13288faaf746,807426,4ff2b9ba08c184fd406df3898aa7e44c410c58cd73b48b29da6e150716a4de24,,False,raw_text/S074.txt,2026-05-17T13:52:46.727935+00:00
S075,"core/S075_Poverty, Prosperity, and Planet Report 2024_ Figures.htm","S075_Poverty, Prosperity, and Planet Report 2024_ Figures.htm",htm,ok,,254978,376467c8ca2e300766b51d823df344396820ab1be91cd53c75d0041b1bb37fc4,9484,052f3158c365ab976f104045c8ecb1110718ee078e6e5c69bca828d110caa87e,,False,raw_text/S075.txt,2026-05-17T13:52:46.727935+00:00
S076,core/S076_World Development Report 2024.pdf,S076_World Development Report 2024.pdf,pdf,ok,,9209931,dc69d858e364a1534a57c49fbb72237f69d88165a63933a98f01f3c20262aded,866008,f5ef79979fa3faf915b32a440b7b5849d4274c606730c0e6032703745222763c,,False,raw_text/S076.txt,2026-05-17T13:52:46.727935+00:00
S077,core/S077_9781464820632_EnglishFullReport.pdf,S077_9781464820632_EnglishFullReport.pdf,pdf,ok,,8622659,52b82a9c205444d534c6c5ba867358cb0430d15314293467027cd98de14be59e,487220,4e152e88043666701a7735e5a7dc970cd5070386987257510fe4123201692754,,False,raw_text/S077.txt,2026-05-17T13:52:46.727935+00:00
S078,core/S078_text.pdf,S078_text.pdf,pdf,ok,,9442344,f961a81d37624b8964519e5adc2f60b17e4ac7486c5a3a0bbe2a9aa3b4e79fe6,615047,3aa6bd1c865948504085942318a2494d9eec83fc4937627c5d29b8b7ae00df8f,,False,raw_text/S078.txt,2026-05-17T13:52:46.727935+00:00
S079,core/S079_text.pdf,S079_text.pdf,pdf,ok,,12555260,93ab9c4f651725794f3aa47a52ae959e8b2bfb6ab59e0bd7361b3c7e562303f3,475954,5b9e9a7135a509a9f337db8f6a3319e816b5da18ac2a787492f048dfe80518b2,,False,raw_text/S079.txt,2026-05-17T13:52:46.727935+00:00
S080,core/S080_textrevised.pdf,S080_textrevised.pdf,pdf,ok,,11361457,966a2932597ef9f6506a7ce225fa45eb047f5d24035189bc636ca4a9eb1edde4,495347,eda8882c37b117147397bc919ada6e42b4bbc60b8640e95d13f2aaaff80cf99a,,False,raw_text/S080.txt,2026-05-17T13:52:46.727935+00:00
S081,core/S081_a1689dc5-en.pdf,S081_a1689dc5-en.pdf,pdf,ok,,3786646,61da20465d396ca00ffe6d3711a19e382995a4948dd786bb7ccc4137f8f8cee9,592797,10b0285b020090e1a486644aae5c1c21af00c80e7999083edf724f3278591436,,False,raw_text/S081.txt,2026-05-17T13:52:46.727935+00:00
S082,core/S082_3adf705b-en.pdf,S082_3adf705b-en.pdf,pdf,ok,,3290134,896fa5f49b282e29b91a98fd99e8585c641bb77eec3138ea42190a846563114d,759204,d0f54662b3568b472bc329a425df799b5fe7ab07c770df69b59e7d0c50952eed,file_sha256:896fa5f49b282e29,False,raw_text/S082.txt,2026-05-17T13:52:46.727935+00:00
S083,core/S083_3adf705b-en.pdf,S083_3adf705b-en.pdf,pdf,ok,,3290134,896fa5f49b282e29b91a98fd99e8585c641bb77eec3138ea42190a846563114d,759204,d0f54662b3568b472bc329a425df799b5fe7ab07c770df69b59e7d0c50952eed,file_sha256:896fa5f49b282e29,False,raw_text/S083.txt,2026-05-17T13:52:46.727935+00:00
S084,core/S084_3adf705b-en.pdf,S084_3adf705b-en.pdf,pdf,ok,,3290134,896fa5f49b282e29b91a98fd99e8585c641bb77eec3138ea42190a846563114d,759204,d0f54662b3568b472bc329a425df799b5fe7ab07c770df69b59e7d0c50952eed,file_sha256:896fa5f49b282e29,False,raw_text/S084.txt,2026-05-17T13:52:46.727935+00:00
S085,core/S085_Electricity2024-Analysisandforecastto2026.pdf,S085_Electricity2024-Analysisandforecastto2026.pdf,pdf,ok,,6591657,3a7e400827e2c53c62ea711d565f57be6162a5821687386ef1d4732d9d605162,398018,a4b7393a351e96ad4fcd0c5818f12d3e1468407f3313ebd76e566395903aa242,,False,raw_text/S085.txt,2026-05-17T13:52:46.727935+00:00
S086,core/S086_EnergyEfficiency2024.pdf,S086_EnergyEfficiency2024.pdf,pdf,ok,,4851724,6f8b7c4da2ce1347a7064e30aec1683c9aabb9c050d3a0909781e4f6c48dfd99,306126,f0aa1fb2b5b08afe766ce0a58dc8b38e5554cfbf28b7b154e8abbc0f7242924a,,False,raw_text/S086.txt,2026-05-17T13:52:46.727935+00:00
S087,core/S087_EnergyEfficiencyPolicyToolkit2024.pdf,S087_EnergyEfficiencyPolicyToolkit2024.pdf,pdf,ok,,1915438,a82719604f5759edc44701de3bfad9e9e2d776a23f94f5ff22ee73ddf021d575,117355,3c889da5314e859ea95e93bb358b8fdc8b063c662bf04a169b38df3ef70c17e1,,False,raw_text/S087.txt,2026-05-17T13:52:46.727935+00:00
S088,core/S088_GlobalEVOutlook2024.pdf,S088_GlobalEVOutlook2024.pdf,pdf,ok,,5227203,21ef29ff66c6e13d705e041caafdb755f17f5b0194793fbc8023bb2c79229438,412583,95b53d73ce7dc3ce42e0cb8f9a6ce944d724ce1f3f16c0c92f16feb341a478f1,,False,raw_text/S088.txt,2026-05-17T13:52:46.727935+00:00
S089,core/S089_Oil2024.pdf,S089_Oil2024.pdf,pdf,ok,,4186527,89c4cdad5ae798ca0d2bb45673637eca9aaab05a6e863240e2bd927fadb66a4e,326715,b81a80d95e77052c0749d168c0db5420820f9a1d09972e9965e2e887182315f8,,False,raw_text/S089.txt,2026-05-17T13:52:46.727935+00:00
S090,core/S090_Renewables2024.pdf,S090_Renewables2024.pdf,pdf,ok,,4726851,9d098996b6af6b44d6572a957c6b0e73d51870530e4ef772dabc8811e05353ea,408144,62b6ff4b7b75da67ca1b07e5c157f3a759f47ad2519a3e79f623cf2b7fa3a722,,False,raw_text/S090.txt,2026-05-17T13:52:46.727935+00:00
S091,core/S091_NASDAQ_AAPL_2024.pdf,S091_NASDAQ_AAPL_2024.pdf,pdf,ok,,1093835,ec74758cd767465362c641cf2fd5d8fedd477aed2bf7f62117e67610435dcb88,409694,dcdcbb9cbd1f38d39e616857bb808f67a31ecddd6870e96cca3c864c7468dcd6,,False,raw_text/S091.txt,2026-05-17T13:52:46.727935+00:00
S092,core/S092_NASDAQ_MSFT_2024.pdf,S092_NASDAQ_MSFT_2024.pdf,pdf,ok,,1394318,96de32a720641251b44c3e27e25ce2aa7ab035a15182b6260ef0ef06aa041dc0,285492,c64a02dcfaec6f0917cca8e3ef718722380a53e81d241cfa789f79e3eb213f1b,,False,raw_text/S092.txt,2026-05-17T13:52:46.727935+00:00
S093,core/S093_NASDAQ_AMZN_2024.pdf,S093_NASDAQ_AMZN_2024.pdf,pdf,ok,,1314791,d6c8919af431fbf38d5d92f2060ba8f45d084f26495c6f17ce81232102977908,323814,6da607711f233f9fc8c0eb7c678e5ad3239f6498ac17ef9fdb7845e2719dd1ce,,False,raw_text/S093.txt,2026-05-17T13:52:46.727935+00:00
S094,core/S094_NASDAQ_NVDA_2024.pdf,S094_NASDAQ_NVDA_2024.pdf,pdf,ok,,34826878,b0de35ded9da9463d5c33dce77cf9b2158b88cf666f144646d0cc64af23c5960,648399,ea095d878039c96fef5a7cf808171abb4b171206f917422a61e63d6a1e93dcab,,False,raw_text/S094.txt,2026-05-17T13:52:46.727935+00:00
S095,core/S095_NYSE_ASAN_2025.pdf,S095_NYSE_ASAN_2025.pdf,pdf,ok,,2231649,aad1f0bea806bdd53ca0a5bd0cb3d5278a698db83821a82005e8ffe5f7b0223e,598819,ae69c66e4e850a686e04c37638050e920ddedfcb37169a182f75545060882dd2,,False,raw_text/S095.txt,2026-05-17T13:52:46.727935+00:00
S096,core/S096_NYSE_ESTC_2024.pdf,S096_NYSE_ESTC_2024.pdf,pdf,ok,,1550308,4f9808eda05a54bd8ecbe5f49ec682e10e487b22f3d929115ea75840334c02de,688314,a942b89b4631acdcfe51bf5cd852d968254f8088356fb0478e8f2922f9709d63,,False,raw_text/S096.txt,2026-05-17T13:52:46.727935+00:00
S097,core/S097_ASX_XRO_2024.pdf,S097_ASX_XRO_2024.pdf,pdf,ok,,26634781,6e78a02bf18f64573818c7f812b927e6f9dcd4a448c138379d261bfb49be95e9,352704,21072cfb8c249fde677e0c00ff1476870fd18e253f9b0e2b932824d6db1cb638,,False,raw_text/S097.txt,2026-05-17T13:52:46.727935+00:00
S098,core/S098_NASDAQ_NTES_2024.pdf,S098_NASDAQ_NTES_2024.pdf,pdf,ok,,3312298,df8d696e1bafe0738423f7230fac161bf01f58585dd02638aa30dfd34d02dd3d,1064693,45fcfc315a0c980f2a879bd67a9dcb3bdd6089018b6c4835c381cc774186797c,,False,raw_text/S098.txt,2026-05-17T13:52:46.727935+00:00
S099,core/S099_NYSE_CXM_2024.pdf,S099_NYSE_CXM_2024.pdf,pdf,ok,,778646,bd527b0e1287f81a29f4b5298fdc2a8258cce34d50f41c8a0c7e12371b026547,470603,389599139f88b88c6b31b9211f9028fadcd4893b63edbacfd64840e2f74b8942,,False,raw_text/S099.txt,2026-05-17T13:52:46.727935+00:00
S100,core/S100_NASDAQ_AVPT_2024.pdf,S100_NASDAQ_AVPT_2024.pdf,pdf,ok,,1902913,26bd97a6f37bdc272736f79c38863a0be1cbaefaa474638550ec363b5e9483a7,432495,41994a3ff92c8ab9dc092ebd1fb734b74654b80a588d423ff4737414b8a9a141,,False,raw_text/S100.txt,2026-05-17T13:52:46.727935+00:00
S101,core/S101_2024_odm_factsheet_austria.pdf,S101_2024_odm_factsheet_austria.pdf,pdf,ok,,501811,ccf5ae9ddfbe60390a3bf564021fd5384132972222fd0fe2750d43fade051ac5,3935,cfb39cb2abec192b8f245b6f6eeb0c7d5367597cf924514a3baaeb9eebf94ae0,,False,raw_text/S101.txt,2026-05-17T13:52:46.727935+00:00
S102,core/S102_2024_odm_factsheet_albania.pdf,S102_2024_odm_factsheet_albania.pdf,pdf,ok,,494351,caf5239224950b261a961e511f3927a251279c281b92a3c5e463360e19eaaa7d,3932,31c61df02b370b4d7fd3d97ab45ad4fb3d2337445f8d1739f85a00c4f66c0a74,,False,raw_text/S102.txt,2026-05-17T13:52:46.727935+00:00
S103,core/S103_2024_odm_factsheet_belgium.pdf,S103_2024_odm_factsheet_belgium.pdf,pdf,ok,,502096,e1da371ffd51cac78f153e13f2c417f8be600cd4b75a246f8f77116a81bb9b36,3640,04015bb2933f477a107441659748bbbff31e77f3c931eafb830fed3ce5f206d4,,False,raw_text/S103.txt,2026-05-17T13:52:46.727935+00:00
S104,core/S104_2024_odm_factsheet_bulgaria.pdf,S104_2024_odm_factsheet_bulgaria.pdf,pdf,ok,,502594,8b55851033c250286f5438e5770c4f3687608ab983be594bd9a9f20346d7bd7c,3664,0028c0ce89d53e0cc4c1cf9436323efa6245560bb302c1a0de4c45a8caa96f8f,,False,raw_text/S104.txt,2026-05-17T13:52:46.727935+00:00
S105,core/S105_2024_odm_factsheet_croatia.pdf,S105_2024_odm_factsheet_croatia.pdf,pdf,ok,,549158,4a0c8a3ccf508a28cd9af00d01d5bf3ab6b19e7377369e8f07c3a1bda4241a21,3594,89bfcb23f0f97487b62948716ce352e6f543b20a02616b617002ec4bea27a2f8,,False,raw_text/S105.txt,2026-05-17T13:52:46.727935+00:00
S106,core/S106_2024_odm_factsheet_cyprus.pdf,S106_2024_odm_factsheet_cyprus.pdf,pdf,ok,,504589,9acc4f10b07c97869074c83108a1ca063e0f39da77e9694649fdbcd0133fb742,3670,c372e9a839671d6e0b3fa4bccbd6b1660f860d4bd5801fd12671b54327bc6108,,False,raw_text/S106.txt,2026-05-17T13:52:46.727935+00:00
S107,core/S107_2024_odm_factsheet_czechia.pdf,S107_2024_odm_factsheet_czechia.pdf,pdf,ok,,501278,001cb3481871b38faf18ee5713fe85388b86ca731a6979936a0566ba2b9dcc27,3784,507960394faa9d20eab7f2ca4878cc6dc8896bde348cdb0255735500ffa770f3,,False,raw_text/S107.txt,2026-05-17T13:52:46.727935+00:00
S108,core/S108_2024_odm_factsheet_denmark.pdf,S108_2024_odm_factsheet_denmark.pdf,pdf,ok,,505008,420c1d3ee9a1c917efcbdae3d2c2ef1c77cc8f36353d1842504edd69aeeccf27,3994,214f528071c30f94f6f156d0e0d1a5c884629e10caf4ab9851b3c5bb6ad1b271,,False,raw_text/S108.txt,2026-05-17T13:52:46.727935+00:00
S109,core/S109_2024_odm_factsheet_estonia.pdf,S109_2024_odm_factsheet_estonia.pdf,pdf,ok,,501901,8769687a62c39f1aeec00a9df4209f034bd7b1c5b666d87f116b0663e303b0e3,3810,48ddf68bcac005f5c351e6bbd98771c8bb3c06efa64a46c501c490b030b40c29,,False,raw_text/S109.txt,2026-05-17T13:52:46.727935+00:00
S110,core/S110_2024_odm_factsheet_finland.pdf,S110_2024_odm_factsheet_finland.pdf,pdf,ok,,505922,fe9bd645d444a8033cb3d508093b9c4f18490d7eaa61f4b5b0cf9aef154c87ef,3952,a85e8b55fa1bbe612c8b8fc501b94c59f44c28296c506e8d50422ccda4b978a3,,False,raw_text/S110.txt,2026-05-17T13:52:46.727935+00:00
S111,core/S111_2024_odm_factsheet_france.pdf,S111_2024_odm_factsheet_france.pdf,pdf,ok,,493718,bc604236bda47af0fc0acc16eb1fa0060ff8d5040e52a7c4e3d1bb0914429039,3826,309b1cadbbbc10a06ae00d2c6672bd45e58074555561076de3e06dd712160f4f,,False,raw_text/S111.txt,2026-05-17T13:52:46.727935+00:00
S112,core/S112_2024_odm_factsheet_germany.pdf,S112_2024_odm_factsheet_germany.pdf,pdf,ok,,501785,0d502c4e750b8a2b7badbb6242b3a82b9691199e30d7c415cc749ff3ef743d60,4104,3ab67ae9cc0f3dbd3887618bf24abcc943e206dd806efca6a7aa8d52aca38c96,,False,raw_text/S112.txt,2026-05-17T13:52:46.727935+00:00
S113,core/S113_2024_odm_factsheet_greece.pdf,S113_2024_odm_factsheet_greece.pdf,pdf,ok,,503354,377d118e90af711dc5b5c56ce8957f969aac24439ac7145653c8d79db0f91a81,3901,11602b6e624838e5a5ae97328a07bc6665f1c6d6f6f7aa28112058a70038ba13,,False,raw_text/S113.txt,2026-05-17T13:52:46.727935+00:00
S114,core/S114_2024_odm_factsheet_hungary.pdf,S114_2024_odm_factsheet_hungary.pdf,pdf,ok,,496118,662abcef80e7ea410cf5bdc0691eb08650db5b937e1ec8664fd4974ffc458f04,3853,9efef00c987014e8ccf0deeca339814ee6602ef8f70bec613f0f43d39a13c2f0,,False,raw_text/S114.txt,2026-05-17T13:52:46.727935+00:00
S115,core/S115_2024_odm_factsheet_iceland.pdf,S115_2024_odm_factsheet_iceland.pdf,pdf,ok,,499984,5aa6ed4ee6f50dec303db432051612568a412e0040e1f8fe7adff74fb615971b,3586,93587d9e054ce91f44cc7dd08942ebfd7b9989d680a88a1d945237a0185f71e3,,False,raw_text/S115.txt,2026-05-17T13:52:46.727935+00:00
S116,core/S116_2024_odm_factsheet_ireland.pdf,S116_2024_odm_factsheet_ireland.pdf,pdf,ok,,505268,c3c08bea27d98214250271bc245babe6a1a2b57418653427db0494f3e9284d48,4078,a00f0d11ef2ec727c250e1614ef715fdf69aa11dc558a1db12ba2552ae0cbc6c,,False,raw_text/S116.txt,2026-05-17T13:52:46.727935+00:00
S118,core/S118_2024_odm_factsheet_latvia.pdf,S118_2024_odm_factsheet_latvia.pdf,pdf,ok,,508187,c9f6a7c671543e86c44dbd58728fda3e4a2bc496e3e317367cc695b11316507e,3977,5e669541443efd87f9a9a419894d0d2f2b14f595c964125384f838d1c27e57ae,,False,raw_text/S118.txt,2026-05-17T13:52:46.727935+00:00
S119,core/S119_2024_odm_factsheet_lithuania.pdf,S119_2024_odm_factsheet_lithuania.pdf,pdf,ok,,503335,904e0de79d6482800f6c1b053fd370dd0c8b4fa70be54ba151b711bdd4a5c4f7,3977,71e1f0be25494f7a37e1c2baea79802d2e1d2214630901eda2ddbccfca14fa0b,,False,raw_text/S119.txt,2026-05-17T13:52:46.727935+00:00
S120,core/S120_2024_odm_factsheet_luxembourg.pdf,S120_2024_odm_factsheet_luxembourg.pdf,pdf,ok,,503810,22cdf8d933c9fe60595592d8aa394e8d7f3a939094e2b289efb06906e3c3b39c,3786,fbdcaca918a42c6169f03778e5e1785ddf40e9bcd30961b27b5a2e7ab535af3c,,False,raw_text/S120.txt,2026-05-17T13:52:46.727935+00:00
S121,core/S121_2024_odm_factsheet_malta.pdf,S121_2024_odm_factsheet_malta.pdf,pdf,ok,,515572,43e9ab6add57f7cbf9d0db76148002da56c7ded43ffb3471cb844f6afee4cad3,3840,09c197ddf9fc8f69f1ece4c1ff71c7aba623c80951ea8c1405830cbc50f575b9,,False,raw_text/S121.txt,2026-05-17T13:52:46.727935+00:00
S122,core/S122_2024_odm_factsheet_netherlands.pdf,S122_2024_odm_factsheet_netherlands.pdf,pdf,ok,,506138,889fbbcec6f898a76c15a71291dd72c59c1febdc29e6917c3fb811cea84473de,4243,181d6c437183abff9daac27921adc6cc335c77799628ad03562cc6258c763eb3,,False,raw_text/S122.txt,2026-05-17T13:52:46.727935+00:00
S123,core/S123_2024_odm_factsheet_norway.pdf,S123_2024_odm_factsheet_norway.pdf,pdf,ok,,504797,3c4803cfa5321fc50ec3121b39d9429319bdd6b660828c529307755fd479b25b,3807,6cd0252b1c31938d1ecbecaf4719a9a9a3a4f2a91130dc75e296f16db9b3af5d,,False,raw_text/S123.txt,2026-05-17T13:52:46.727935+00:00
S124,core/S124_2024_odm_factsheet_poland.pdf,S124_2024_odm_factsheet_poland.pdf,pdf,ok,,494914,728463f17e7bd23f339ac0c71a9d6fad9ad9364b1655a226086bcdfe0d83d4ba,4160,6faf87b7a9066967c72c89f43bbeba2af09af0d1edf5081441ddfc6747462714,,False,raw_text/S124.txt,2026-05-17T13:52:46.727935+00:00
S125,core/S125_2024_odm_factsheet_portugal.pdf,S125_2024_odm_factsheet_portugal.pdf,pdf,ok,,511398,79cf743b01e9930e910ea263c019e7e8764467b1bf5077b22a0a0a2391e85aed,3828,bf85e92fb3b26718acbc8de8cba2e64a1a0a2f2613b85784fced686fe9279737,,False,raw_text/S125.txt,2026-05-17T13:52:46.727935+00:00
S126,core/S126_2024_odm_factsheet_romania.pdf,S126_2024_odm_factsheet_romania.pdf,pdf,ok,,501871,954746f74f85e804758e4ef01b9f665849716b9c572a372ca0eb9a3ec7501473,3657,8be23fe76c52abaf4006210de5a2467f35fa1918381a191c4c9e866e44647286,,False,raw_text/S126.txt,2026-05-17T13:52:46.727935+00:00
S127,core/S127_2024_odm_factsheet_serbia.pdf,S127_2024_odm_factsheet_serbia.pdf,pdf,ok,,746765,d72b05d18d62f03c0f8a309892194b139b5cbfdb07883110ec4b5f3a5fc248b8,3497,480fa0f536ccdcd8c834e93cf19411abe6604ae9cef59b9333ba513a876cd5f2,,False,raw_text/S127.txt,2026-05-17T13:52:46.727935+00:00
S128,core/S128_2024_odm_factsheet_slovakia.pdf,S128_2024_odm_factsheet_slovakia.pdf,pdf,ok,,500614,f0fe459c494cd6232c8c88934ac7020713e203808365381bacce87d2d6b9ba6a,3677,b4faa30565e30043aac174a8632efd13e918776d70292cea208f8272dc885139,,False,raw_text/S128.txt,2026-05-17T13:52:46.727935+00:00
S129,core/S129_2024_odm_factsheet_slovenia.pdf,S129_2024_odm_factsheet_slovenia.pdf,pdf,ok,,504568,7c938ee1d5a4d092854a9dca780df96cabd9de3db8a05db34bb021f059dbef44,3757,09cc8b5b00c53f816e316f630d08c2f71ba6ff77d7fb86f51b17428e66d97b2e,,False,raw_text/S129.txt,2026-05-17T13:52:46.727935+00:00
S130,core/S130_2024_odm_factsheet_spain.pdf,S130_2024_odm_factsheet_spain.pdf,pdf,ok,,539443,fc1ce3a09d699fe1120e0a4f40285b71e2583cf8a5f4e1979051822bd0507f89,3653,706a5db1a59bf0fa1b341c15a4f6fb9865f560403ba600b630451c871086d6f9,,False,raw_text/S130.txt,2026-05-17T13:52:46.727935+00:00
S131,core/S131_2024_odm_factsheet_sweden.pdf,S131_2024_odm_factsheet_sweden.pdf,pdf,ok,,655238,94cee8f10e87ac2b869165c87233b08e06cebdad533373ec8d8989d85f238241,4187,fe9cdba6f7b0871439d58bf6c7ec92f7940349c2716c5e6116afd27dbd271a55,,False,raw_text/S131.txt,2026-05-17T13:52:46.727935+00:00
S132,core/S132_2024_odm_factsheet_switzerland.pdf,S132_2024_odm_factsheet_switzerland.pdf,pdf,ok,,503488,8fc71396eabb0c9c4339645b657c5a61de405f1efaa1c593c4d83fb9074b508a,3981,74dcfe55db6ffa18c118f9218cc72716ff89cfb18a5292f7b713b6865f20d1f2,,False,raw_text/S132.txt,2026-05-17T13:52:46.727935+00:00
S133,core/S133_2024_odm_factsheet_ukraine.pdf,S133_2024_odm_factsheet_ukraine.pdf,pdf,ok,,493170,b252ca881e82e76e3711c0b4dac9cef851f16d2b275ac8f01d5b21207772645f,4259,1f47b0f90748c9d75b0c15d804b71b9e688ba37e1f4296470f3b24d3c13eed92,,False,raw_text/S133.txt,2026-05-17T13:52:46.727935+00:00
S134,core/S134_2024_odm_factsheet_bosnia_and_herzegovina.pdf,S134_2024_odm_factsheet_bosnia_and_herzegovina.pdf,pdf,ok,,487658,20382743ce40ebca50e0f1e74758ec45bfb6b05512378ec4ff788328ee9ec9bf,3725,e26660cca3ea821dabb1e7ab6381300417d3344bb2a4fdbd0b120ecec048ac62,,False,raw_text/S134.txt,2026-05-17T13:52:46.727935+00:00
S135,core/S135_2024_odm_questionnaire_austria.xlsx,S135_2024_odm_questionnaire_austria.xlsx,xlsx,ok,,59084,1346084dacfeba74366d8b822d7fcd89afee92c26658afeb0eb3ccc62b99d269,105720,85e2ca7876ae35812836ff52f28b5402ed781430426d502fe2dee6a78b3e920a,,False,raw_text/S135.txt,2026-05-17T13:52:46.727935+00:00
S136,core/S136_2024_odm_questionnaire_albania.xlsx,S136_2024_odm_questionnaire_albania.xlsx,xlsx,ok,,57596,3f81fd77203686ad7c011afc1e8ccc03d684194af02f582d0b2f614a5d1c6799,100301,3f5ece0958885116da9c9e798e8d37de3034ce52fd5ce07aa3bc568bd7d4d1e7,,False,raw_text/S136.txt,2026-05-17T13:52:46.727935+00:00
S137,core/S137_2024_odm_questionnaire_belgium.xlsx,S137_2024_odm_questionnaire_belgium.xlsx,xlsx,ok,,51612,300db410b31aa72d025541656238525b99eace6f5fcb345bb510036bb111c929,78315,d47944983cac8254f93ef7cbacd986e2a9b5714d42ac6e9232a08658cbe3f81e,,False,raw_text/S137.txt,2026-05-17T13:52:46.727935+00:00
S138,core/S138_2024_odm_questionnaire_bulgaria.xlsx,S138_2024_odm_questionnaire_bulgaria.xlsx,xlsx,ok,,66006,150ae4dbbfd280e3ae3f99360a3fc8435338ac18d16079c03ee9270310aa3bc4,128208,fe862b6d633654a587e008850e0a5ac7ab2f280553d61131a6d953e4a3393bd4,,False,raw_text/S138.txt,2026-05-17T13:52:46.727935+00:00
S139,core/S139_2024_odm_questionnaire_croatia.xlsx,S139_2024_odm_questionnaire_croatia.xlsx,xlsx,ok,,60254,8fa746a33c6e69a329dee4329d9d8577c9f8e2d7276c8879de3847a928fd7d96,114212,3d3fab400bf7dfe8cb671f84301de5fd0fdf4d22090b53150ae6339de539a5d7,,False,raw_text/S139.txt,2026-05-17T13:52:46.727935+00:00
S140,core/S140_2024_odm_questionnaire_cyprus.xlsx,S140_2024_odm_questionnaire_cyprus.xlsx,xlsx,ok,,63134,fc14eaee6547a10dae63cdacfb050b2dfd620f1b733089da7b505982ca85e772,129518,5b09dbf662b6dd39a943ec8770cec6f854f94ae640d960829cb0d700038aa273,,False,raw_text/S140.txt,2026-05-17T13:52:46.727935+00:00
S141,core/S141_2024_odm_questionnaire_czechia.xlsx,S141_2024_odm_questionnaire_czechia.xlsx,xlsx,ok,,70903,e1ddfcec0a76a106bbc5486df0ae3e4cefcb376ab6ee778b69c4281c9c369964,147729,484f683c2d9f0c47a9e047040beb5f7cc44b4b98a64d8bddbda44c0abe703c43,,False,raw_text/S141.txt,2026-05-17T13:52:46.727935+00:00
S142,core/S142_2024_odm_questionnaire_denmark.xlsx,S142_2024_odm_questionnaire_denmark.xlsx,xlsx,ok,,63529,19dfc49577439adf003b5fc84cd95092f54e5c53248dcd88ff74dd5f7eb98f75,120171,8744d964a3c7df0db028813c575b63853e0eed6bf6db7a4090b55657a9797c06,,False,raw_text/S142.txt,2026-05-17T13:52:46.727935+00:00
S143,core/S143_2024_odm_questionnaire_estonia.xlsx,S143_2024_odm_questionnaire_estonia.xlsx,xlsx,ok,,62763,3081b4628d8f6b69bcba6dd7f88db014ebc6464538ba205dfed0032a0b411f20,116474,f82641b4ffb8311628fdf4579df8a5e81987833628b5bb5f0c1249278568469d,,False,raw_text/S143.txt,2026-05-17T13:52:46.727935+00:00
S144,core/S144_2024_odm_questionnaire_finland.xlsx,S144_2024_odm_questionnaire_finland.xlsx,xlsx,ok,,68558,3f88eb50572fe1a630558a4141001e484410813e247d842db8ebd1cdc1ebe13c,138996,90610e417c5c483978f69c591313ac95ac0f4e288340b924625917881d6770ee,,False,raw_text/S144.txt,2026-05-17T13:52:46.727935+00:00
S145,core/S145_2024_odm_questionnaire_france.xlsx,S145_2024_odm_questionnaire_france.xlsx,xlsx,ok,,92296,7aa42552f35dc07c31db54443897b9c528a46dc988f7ffa84b30cc2ac49e5f8e,218567,9c29e24590c40c36b83a3793461c687641357d81d903eadc66a9fa4c383c677f,,False,raw_text/S145.txt,2026-05-17T13:52:46.727935+00:00
S146,core/S146_2024_odm_questionnaire_germany.xlsx,S146_2024_odm_questionnaire_germany.xlsx,xlsx,ok,,78037,19696cba115b12a2cc9866a2a878ca0eb62350f4402c1e96afea196a99f587e9,144464,d73e37e1c5aa2ef74d9ea52bcfafc6fc670359e2c15459999f3b4e8a31a8a4dc,,False,raw_text/S146.txt,2026-05-17T13:52:46.727935+00:00
S147,core/S147_2024_odm_questionnaire_greece.xlsx,S147_2024_odm_questionnaire_greece.xlsx,xlsx,ok,,48552,73839e5f744b305e451b126bbd527b90549dc5e5601e745aa2a6b1c82d7578f0,75367,ddc4808381636da20cfbe44c43d4090d21f27d70d3be323fa745845bdd315ce2,,False,raw_text/S147.txt,2026-05-17T13:52:46.727935+00:00
S148,core/S148_2024_odm_questionnaire_hungary.xlsx,S148_2024_odm_questionnaire_hungary.xlsx,xlsx,ok,,64157,f84f0fe56b7a84992f63c8d7537ce838bbe210071d335878cdc6d6206e730a91,143951,ddcf4e242475270cd91aeddabd4d007f2412e63a7b5d7dd960359bb40a5caddf,,False,raw_text/S148.txt,2026-05-17T13:52:46.727935+00:00
S149,core/S149_2024_odm_questionnaire_iceland.xlsx,S149_2024_odm_questionnaire_iceland.xlsx,xlsx,ok,,48355,8cbb089c9c106bff5738b1486742285e953d9c0f4475cf32545916363e1e70cc,75262,dc1b9ce87cc3671a0636def38afb7af0b73065033ba009004efa0ee271fcbeb2,,False,raw_text/S149.txt,2026-05-17T13:52:46.727935+00:00
S150,core/S150_2024_odm_questionnaire_ireland.xlsx,S150_2024_odm_questionnaire_ireland.xlsx,xlsx,ok,,90089,46b4077c595de3a50dcc685d1c70b8123fb365b2524bee15d33c63fa890217de,208549,1093eba9c7a3513a13ade9dacd21ae73278d12356b39e8307e0db0f888b49473,,False,raw_text/S150.txt,2026-05-17T13:52:46.727935+00:00
S152,core/S152_2024_odm_questionnaire_latvia.xlsx,S152_2024_odm_questionnaire_latvia.xlsx,xlsx,ok,,59094,edb565e5a2160f0aebb51429ca233a4dc7d8a7bc8bedd34f24c683d51e70d8ef,104264,f2202b52d96948ca3b4b632188e365c0783cb042f4756f796b38e3cd5834a7a0,,False,raw_text/S152.txt,2026-05-17T13:52:46.727935+00:00
S153,core/S153_2024_odm_questionnaire_lithuania.xlsx,S153_2024_odm_questionnaire_lithuania.xlsx,xlsx,ok,,81903,58321a9869c2ead339f4344a8f0e165a75029abf28a5cf1aa0af5cb7e03c1f40,217320,d5eb66ceabf75b1d3409113f51226407225905886d555e0f66fc7b1017d3aecd,,False,raw_text/S153.txt,2026-05-17T13:52:46.727935+00:00
S154,core/S154_2024_odm_questionnaire_luxembourg.xlsx,S154_2024_odm_questionnaire_luxembourg.xlsx,xlsx,ok,,63840,e1629ba1e720cc5612dd424c551d28c1df5b9d1afa1ab26794f905c63ca4abb4,117648,044089dc6e86971c96d6c0810925a103ba1e7b815172192bcc48d1a391cacfd1,,False,raw_text/S154.txt,2026-05-17T13:52:46.727935+00:00
S155,core/S155_2024_odm_questionnaire_malta.xlsx,S155_2024_odm_questionnaire_malta.xlsx,xlsx,ok,,43925,caaac720500d305c4b3d027e484ff2279c3457af918f6dd691f3f24b4cc3bd9a,60833,0e2478d4a9c5685932e2ae89a6a66aae32052502e5070b51f3478ebe22491104,,False,raw_text/S155.txt,2026-05-17T13:52:46.727935+00:00
S156,core/S156_2024_odm_questionnaire_netherlands.xlsx,S156_2024_odm_questionnaire_netherlands.xlsx,xlsx,ok,,51237,9335143917d04167e76e77897e35ace3a4ee3ed4388338cd9bd7066825fe635e,83247,7d4903c04ec1d2744efe6354ea1eb765729770e42e02632ec40d0e649c03d8ec,,False,raw_text/S156.txt,2026-05-17T13:52:46.727935+00:00
S157,core/S157_2024_odm_questionnaire_norway.xlsx,S157_2024_odm_questionnaire_norway.xlsx,xlsx,ok,,64289,6b31b6d27da14b80ba69ccf166361a56a10ac8367b4575574d6cb74987149f59,121341,1fb6f772e713bdbb46dae5490c08db4eb828d428b2845ae3010efd2706d4a874,,False,raw_text/S157.txt,2026-05-17T13:52:46.727935+00:00
S158,core/S158_2024_odm_questionnaire_poland.xlsx,S158_2024_odm_questionnaire_poland.xlsx,xlsx,ok,,86901,1aa48d592e43c3c14470ee2860ef470a50dcb73ca8aea136659a5f091b86df34,238084,f2d8cc4339601eb78c0a2aedca3fde9a882bf18814103e07f2d84d416ed98da6,,False,raw_text/S158.txt,2026-05-17T13:52:46.727935+00:00
S159,core/S159_2024_odm_questionnaire_portugal.xlsx,S159_2024_odm_questionnaire_portugal.xlsx,xlsx,ok,,77679,0f5dfb382adb16ad448d52c96e2c3036dc803711cddeed9ae42b8c2a00108741,175854,8ec68bbae900fad223535ea7b7e3bfcda70e94e668a5cb262488ceed6cf653b5,,False,raw_text/S159.txt,2026-05-17T13:52:46.727935+00:00
S160,core/S160_2024_odm_questionnaire_romania.xlsx,S160_2024_odm_questionnaire_romania.xlsx,xlsx,ok,,57360,50b4ab4f295d4e3c6e02b0c2799feba399995d38ce1c808e28c0cb2c4e4b0472,91055,97aceed98e07c78a9566b5241226b46b5d5ba50e5e82ece9a3765e3edbea80a8,,False,raw_text/S160.txt,2026-05-17T13:52:46.727935+00:00
S161,core/S161_2024_odm_questionnaire_serbia.xlsx,S161_2024_odm_questionnaire_serbia.xlsx,xlsx,ok,,54793,67d3c19857e73ff6716542983da690af39c4108ac2c330b6402805c26fbf5eea,90806,c1565b5a086879505af34a91054fe749c5c85c15dc48c093091d2523cf764e5b,,False,raw_text/S161.txt,2026-05-17T13:52:46.727935+00:00
S162,core/S162_2024_odm_questionnaire_slovakia.xlsx,S162_2024_odm_questionnaire_slovakia.xlsx,xlsx,ok,,61637,3489177cbf1b853e1b12e293027718cfede3337288d494070c4c4b0f059da15c,117604,37ba870a0e79c0012f7c113e86704d6eaf00b73629453c6d66597fb81cfe6411,,False,raw_text/S162.txt,2026-05-17T13:52:46.727935+00:00
S163,core/S163_2024_odm_questionnaire_slovenia.xlsx,S163_2024_odm_questionnaire_slovenia.xlsx,xlsx,ok,,74088,91a3f429dbc684370133b82989da24cdcc1b32a51095577cb560a85ea1cca9f7,168815,08c119431132f506dcd0c0876a08cb03f1cf1f064de01d6bbd5eea0b7142c81f,,False,raw_text/S163.txt,2026-05-17T13:52:46.727935+00:00
S164,core/S164_2024_odm_questionnaire_spain.xlsx,S164_2024_odm_questionnaire_spain.xlsx,xlsx,ok,,106168,cffbb9b3bcde9ef6669959e1f84b5f10140d2881d3488ebb67c865997fd3fa3d,249046,3a44c9b7a14fdeb2fcf3c325eb8488d3c6a8c250b1d32992af37bc4f21389f15,,False,raw_text/S164.txt,2026-05-17T13:52:46.727935+00:00
S165,core/S165_2024_odm_questionnaire_sweden.xlsx,S165_2024_odm_questionnaire_sweden.xlsx,xlsx,ok,,67709,90f5483e39e4da0e7d8308b24a7bf04283d644de893adf81f28bfcc18af923f2,135491,f6d5fc007ca5213aa76f3ce66f95a143b5d4b814e170aa8e2827ed3f4a929234,,False,raw_text/S165.txt,2026-05-17T13:52:46.727935+00:00
S166,core/S166_2024_odm_questionnaire_switzerland.xlsx,S166_2024_odm_questionnaire_switzerland.xlsx,xlsx,ok,,57640,64304b20456528962e6cfdb26d03b88ccd121982e31dd9922e88c2ce9256b383,97667,9eb937b0d2360f64871fe79c22640e3f469f82676503478a82198b7073d22396,,False,raw_text/S166.txt,2026-05-17T13:52:46.727935+00:00
S167,core/S167_2024_odm_questionnaire_ukraine.xlsx,S167_2024_odm_questionnaire_ukraine.xlsx,xlsx,ok,,142005,90f6251b46f5549d77273e435c982c8d4d9ea2409b873129acf547a82798c5e7,266722,14e7bec30ca2b1654c5d2436be68df2df7eb16cd28977b29e2cd4689a7693f05,,False,raw_text/S167.txt,2026-05-17T13:52:46.727935+00:00
S168,core/S168_2024_odm_questionnaire_bosnia_and_herzegovina.xlsx,S168_2024_odm_questionnaire_bosnia_and_herzegovina.xlsx,xlsx,ok,,46560,8712751571804840e81f88b02874b955cdb4de5c84cab4f97a0a39333d128816,60988,5565101652f684e52bca71dfc20f549d430768923cf922d7a12ff78429895d9d,,False,raw_text/S168.txt,2026-05-17T13:52:46.727935+00:00
S169,core/S169_cellar_6a48b4a5-3855-11ef-b441-01aa75ed71a1.0001.02_DOC_1.pdf,S169_cellar_6a48b4a5-3855-11ef-b441-01aa75ed71a1.0001.02_DOC_1.pdf,pdf,ok,,615234,19ba94d32462e106339597c07360556b29861c930132650f5d7fda4515f0d0e2,70324,e95e16cb307df1f7149544974a5de7ccb1e0130895a66c45f14d0677e0649707,,False,raw_text/S169.txt,2026-05-17T13:52:46.727935+00:00
S170,core/S170_49b8d10e-en.pdf,S170_49b8d10e-en.pdf,pdf,ok,,1113628,02ff22b2a214b08e883dec2a447ba7b71200e5725ec6a1ba768434fd74f04611,29808,caa6e2ffafcdac34f0415c5afa89b2efb1016d0cff850b00933752e948342851,,False,raw_text/S170.txt,2026-05-17T13:52:46.727935+00:00
S171,core/S171_ST-9957-2024-INIT_en.pdf,S171_ST-9957-2024-INIT_en.pdf,pdf,ok,,330703,c5b009c89b4e8d8b15e5518039070046f4eddcb2ae91fee15f7834b9f52f071d,31521,40f173974bbab36f2dc3f3097ead88304d61345835e959d67887e0a082a69b9e,,False,raw_text/S171.txt,2026-05-17T13:52:46.727935+00:00
S172,core/S172_b89244c7-en.pdf,S172_b89244c7-en.pdf,pdf,ok,,401267,511ab79f7ec55e337d4af7f4675a9d80163194bcf7fbdcd0090a93dd64dc575b,21007,7dabab2ad7c276b8a157e4934377398c0432b1a62c0b678bd6b8fa4d2b7a9a75,,False,raw_text/S172.txt,2026-05-17T13:52:46.727935+00:00
S173,core/S173_SWD_2025_836_1_EN_autre_document_travail_service_part1_v6_QUrYKmjKRMWaKc6arEjzxHZL8is_121743.pdf,S173_SWD_2025_836_1_EN_autre_document_travail_service_part1_v6_QUrYKmjKRMWaKc6arEjzxHZL8is_121743.pdf,pdf,ok,,1953758,52220a46949683f3805292eaf8b90fc677c5cd342fbd17c8597a4a396c819fec,586934,9f612f056ab68a0fa629f9a85a7b93e518b45f6ff7167140707fccd56f01619f,,False,raw_text/S173.txt,2026-05-17T13:52:46.727935+00:00
S174,core/S174_dora-regulation-rts--2024-1532_en.pdf,S174_dora-regulation-rts--2024-1532_en.pdf,pdf,ok,,352203,914093e796b6ee371d5e35d487cdae0630094d1e834ea127819bfdc420bf3bbc,128717,e1564a886f9dd9fa65b1cb0234ffd8dc07af83f011f06bf7751d47edb37fa93c,,False,raw_text/S174.txt,2026-05-17T13:52:46.727935+00:00
S175,core/S175_795de142-en.pdf,S175_795de142-en.pdf,pdf,ok,,5581859,d208d9eed5b435750edc07cb8c6146220b97a7e65e63c78869ab44c24a429808,1017678,d4a894b6fa321308f397ce1389baa4559353eae74905ad83f782d75019e924bf,,False,raw_text/S175.txt,2026-05-17T13:52:46.727935+00:00
S176,core/S176_f9ef33c3-en.pdf,S176_f9ef33c3-en.pdf,pdf,ok,,4971260,c74ef2ebbef3888a5766d2ecb9f252db87519689a68665871da705a6546dbf5e,584536,a134d90432408bd1bb14bc1ebbc628612a269be5f9d0b000bc865330e0779e6f,,False,raw_text/S176.txt,2026-05-17T13:52:46.727935+00:00
S177,core/S177_2025_04_EDPS_Annual-Report_EN.pdf,S177_2025_04_EDPS_Annual-Report_EN.pdf,pdf,ok,,181964,decdf6db9386a8663d24cfbe222d5889ed380f001f1e8841c4ed8bd96f1d1fe4,4995,44cbde339d402a97648b3e3c70d624942dbbf0619f49515a7044e554eeaa0d9d,,False,raw_text/S177.txt,2026-05-17T13:52:46.727935+00:00
S178,core/S178_DIGIT_AAR_2024_final.pdf,S178_DIGIT_AAR_2024_final.pdf,pdf,ok,,1539950,d3e8978f17ca0b2f38a09fde855f358c527f2fc42b8771a0c901ff1f46d42a29,99639,eba2ab0e32e65cdfa39c69a28b1f30b14b7597114072270be10ff0b8507b129c,,False,raw_text/S178.txt,2026-05-17T13:52:46.727935+00:00
S179,core/S179_EPRS_BRI(2024)757632_EN.pdf,S179_EPRS_BRI(2024)757632_EN.pdf,pdf,ok,,519348,c26e9e19962dfa36c6dc290a92fe0dc80630f732302752ff3777380aecb2e176,39660,b2fe51de5fe2a5dedb3de4e598a5e5a6f2ec10589eb049f44d0d578ae086b560,,False,raw_text/S179.txt,2026-05-17T13:52:46.727935+00:00
S180,core/S180_P50097818676430c91a18d1653943364726.pdf,S180_P50097818676430c91a18d1653943364726.pdf,pdf,ok,,654673,7e56b49691f2769574bca5fa031b4f277626ba8c184d204c4c0717ea7358cceb,4162,fda30560c26f63f93717d3286c0f15d605bba165e97b00d3f0efeabeaf5b2bdd,,False,raw_text/S180.txt,2026-05-17T13:52:46.727935+00:00
S181,core/S181_P1792091b0057b06a1a1c61271b276117ff.pdf,S181_P1792091b0057b06a1a1c61271b276117ff.pdf,pdf,ok,,661470,be3ef5285d341edf3bf34e4708ff52063a3db0eeb78a5d940760e7f0de4c06b1,20078,85a6119a1de5c58cb89cc52791f6214f238acc98d621fb63b323b186c80844aa,,False,raw_text/S181.txt,2026-05-17T13:52:46.727935+00:00
S182,core/S182_BOSIB-8dfe6de4-4ba5-45fe-b74c-de342be3e6e5.pdf,S182_BOSIB-8dfe6de4-4ba5-45fe-b74c-de342be3e6e5.pdf,pdf,ok,,864931,119de0e97c524143b86286e4110eab8b1734f00fa4ee93974c125dacbd69967e,235622,7bc3dbd4fafffe7704a2aea35f6bfc3a4d412dd5afe8cd76e57ad125cf19fe3b,,False,raw_text/S182.txt,2026-05-17T13:52:46.727935+00:00
S183,core/S183_P17920913531aa05b1b1f21e84654c4aeb2.pdf,S183_P17920913531aa05b1b1f21e84654c4aeb2.pdf,pdf,ok,,646197,8e45b4bb57d899cd72dd944fe40f8d14cc05c590477048b05f229223746e5980,19433,1fe05c85fbf2844055d5ab8ea60f0f15c20982afa23d4382e28f2c1f2fc4e784,,False,raw_text/S183.txt,2026-05-17T13:52:46.727935+00:00
S184,core/S184_P5084881d821a70519d2d1eb524bc6df2c.pdf,S184_P5084881d821a70519d2d1eb524bc6df2c.pdf,pdf,ok,,513437,42359962893266921ee1582c1e642c77009703db93d1182f22a23562d2125ea1,17683,75042140cc7b30095774d8c3260ac782e1c4640082fd6017ecf3f7276fb8a4bf,,False,raw_text/S184.txt,2026-05-17T13:52:46.727935+00:00
S185,core/S185_IDU18b68bda91e9c7142f519d941abb371e6e7a6.pdf,S185_IDU18b68bda91e9c7142f519d941abb371e6e7a6.pdf,pdf,ok,,753283,a73f23201f0a33eb6763185404bed4a3781ab1515d163eef5f0aa0a19d5d15fd,4600,304a0a125aa097e6fa982a65486757baf651f0de86a3838cdacd32df71300fe0,,False,raw_text/S185.txt,2026-05-17T13:52:46.727935+00:00
S186,core/S186_BOSIB-2587e12b-1cde-46b4-bab8-b3d144ae4443.pdf,S186_BOSIB-2587e12b-1cde-46b4-bab8-b3d144ae4443.pdf,pdf,ok,,1047188,752a8a9c33b7a4b7f46737af01e5cca096b50f8275f1b6d34739d8221b218c9b,250903,a4a4b717a4e45e9a27f5248bd2f028de9c749fecb8a99670f1a6421e0ce05e0d,,False,raw_text/S186.txt,2026-05-17T13:52:46.727935+00:00
S187,core/S187_COM_2025_473_1_EN.pdf,S187_COM_2025_473_1_EN.pdf,pdf,ok,,879770,affc2cebfe54681133687a544ba66e3058d6f5bd142d9d1e2fda3f3b99103948,91740,8912cbe35e73f4e100b320cbd3e6bf96d4a836df4516ed12dce2f2e9ebe13043,,False,raw_text/S187.txt,2026-05-17T13:52:46.727935+00:00
S188,core/S188_REGIO_AAR_2024_final.pdf,S188_REGIO_AAR_2024_final.pdf,pdf,ok,,2787793,0b1cff9f54f35964e6fbb82d8a1d5b27594244bbc3714298fcb82a65296e8ab3,164087,7ca1b2cb8e4ff757fb5d228de5449c90de63fe45bf3908496426b246584bb105,,False,raw_text/S188.txt,2026-05-17T13:52:46.727935+00:00
S189,core/S189_918d8db3-en.pdf,S189_918d8db3-en.pdf,pdf,ok,,10097860,8bedf1bd79942aab6b87d74682963cb92117cc5ff9014e6e532e84fb0ee0a41b,358544,f33b4c1b5f227f45d992215ce852a8018ac263061fbb2552aaa15584a9d58d6d,file_sha256:8bedf1bd79942aab,False,raw_text/S189.txt,2026-05-17T13:52:46.727935+00:00
S190,core/S190_IDU17c6f0b9e1f0c214b1d1b30d176c4644af69e.pdf,S190_IDU17c6f0b9e1f0c214b1d1b30d176c4644af69e.pdf,pdf,ok,,2398295,20c4f18e0f712240340576ef2313cb6df1ab00115d45f8fcc4993cd468732754,148854,da6aa1f070136cb5f8106ab7a5872f2294b3873a330fbeb3e856d517ab797687,,False,raw_text/S190.txt,2026-05-17T13:52:46.727935+00:00
S191,core/S191_odm2024_full_report.pdf,S191_odm2024_full_report.pdf,pdf,ok,,6383726,eb8e590d6cee1372778a68a4901efe3fb6ec33276d482921825d459bdb1f095a,428645,ccbf773143324ba24a47f4aeaf3ed73fe058beae431f2f4641cf34e363d840d9,,False,raw_text/S191.txt,2026-05-17T13:52:46.727935+00:00
S192,core/S192_2024_odm_report.pdf,S192_2024_odm_report.pdf,pdf,ok,,6436323,8fe186338032aa66fbeb0bc67861ad1f69514d886ce6dcde5fb5ed0cb2d4c54e,428618,9543d554c15542a61b26c3002e93819ebd6491262c3a1cbccee22fc832f3da9d,,False,raw_text/S192.txt,2026-05-17T13:52:46.727935+00:00
S193,core/S193_2024_odm_policy.pdf,S193_2024_odm_policy.pdf,pdf,ok,,1743497,e8db79f61f8f761163154c711f9191a55148d59af0276709247cb4716523977b,96206,3a5fe6ecc68a27e90aa47ef23604aae272ed57af039d43a650ab05a8349725f0,,False,raw_text/S193.txt,2026-05-17T13:52:46.727935+00:00
S194,core/S194_annual report on internal audits carried out in 2024-KV0125020ENN.pdf,S194_annual report on internal audits carried out in 2024-KV0125020ENN.pdf,pdf,ok,,1004376,854156d41675829d571ba6f715bf3e8557eadd25a0ea6225b90fb6252c04b171,218793,338bb8e96a34541a6c2bbb9aadd50c16d7603d2f41b0e1c3d7d5731ed784b35a,,False,raw_text/S194.txt,2026-05-17T13:52:46.727935+00:00
S195,core/S195_edpb-annual-report-2024_en.pdf,S195_edpb-annual-report-2024_en.pdf,pdf,ok,,3777446,030da253d2be2bd60855233fc47c55deb023e40e0e1563a34470e4bbc418b782,192099,a561c887710432e4767bf9c66740630b5077439fe0bc969116b5d66752660f88,,False,raw_text/S195.txt,2026-05-17T13:52:46.727935+00:00
S196,core/S196_COM_2025_355_1_EN_ACT_part1_v3.pdf,S196_COM_2025_355_1_EN_ACT_part1_v3.pdf,pdf,ok,,167447,9116ecb922b893d99776759626e3806f46106166d56047b8aa62aee09b2d6fc3,26918,eb1af06654678a7d4769c326b3b04c6e68e5dc749e26383c355ebc73e82ef835,,False,raw_text/S196.txt,2026-05-17T13:52:46.727935+00:00
S197,core/S197_4f76e85a-en.pdf,S197_4f76e85a-en.pdf,pdf,ok,,300880,cef33382a3f730bf6d7c38e052a9722d952f1b417db6fd8e86607151587c2df1,9198,4256607b05698da0352f259526f4291d74f44fa1f6fcd4a84be037b6b4a90232,,False,raw_text/S197.txt,2026-05-17T13:52:46.727935+00:00
S198,core/S198_P17920913009ff07f1ac89197ddf60aebe9.pdf,S198_P17920913009ff07f1ac89197ddf60aebe9.pdf,pdf,ok,,527075,b4cd4f40e296bb85b9bf7e3311762b7f282c502e3a63f0bb49870fbceb86cd22,20496,18e8ead9c49d4c52b9a65b4883dcb6be3b9f2a1f476d806b175eeb7380188937,,False,raw_text/S198.txt,2026-05-17T13:52:46.727935+00:00
S199,core/S199_P17920914982d600a1850d186714631dcb2.pdf,S199_P17920914982d600a1850d186714631dcb2.pdf,pdf,ok,,669905,842c73e650a8908087eb4c13ae3b7fc1cd5813dabfdd1159306716dbd0521d2c,19970,a168ab18dc673879d8addb6efece2e15d86db4580aad71c25f9e02bbc07b47c3,,False,raw_text/S199.txt,2026-05-17T13:52:46.727935+00:00
S200,core/S200_P1792091cc4ce70d01bda7185ee313a94c7.pdf,S200_P1792091cc4ce70d01bda7185ee313a94c7.pdf,pdf,ok,,644756,e19f21a5b46ed73d58e65e1e41459688e09d24f3cf161a5a736bb7543576a68f,19858,a5e1a76e5ff2a747ccf3d9e6b98292ec7ae599d641ff3293b6acfb0688a4cc37,,False,raw_text/S200.txt,2026-05-17T13:52:46.727935+00:00
S201,core/S201_BOSIB13bdde89d07f1b3711dd8e86adb477.pdf,S201_BOSIB13bdde89d07f1b3711dd8e86adb477.pdf,pdf,ok,,11463196,5984ce14bd4d7e1a5a67ad143c595edbc770136ff800aca7fec899ed1c826320,214068,5e4d52bfb9034ba8e0a2a9c964abfa425fa2083c212f20eb88d077d07b314bf0,,False,raw_text/S201.txt,2026-05-17T13:52:46.727935+00:00
S202,core/S202_SECBOS11faeefa037180061e7fc55ee14ed.pdf,S202_SECBOS11faeefa037180061e7fc55ee14ed.pdf,pdf,ok,,16824241,b958852324827c813dd3ae2481d5461388585cd8166f169b0e0bbf04274ab69d,481218,8631f4d62ab3567b71d98897058a38465f79ffd933ad7c778daad3f9fca0e51b,,False,raw_text/S202.txt,2026-05-17T13:52:46.727935+00:00
S203,core/S203_IDU11cc89a6618598148d318cf41a696ab0c964e.pdf,S203_IDU11cc89a6618598148d318cf41a696ab0c964e.pdf,pdf,ok,,14218727,8a0c23305217d6c167a6d6eba71a7ff02ef915cb6cf3603512f0fb71d933c205,266119,ae37734e7c40fdf075ac6800b4b04a44ac8d9e0092efd02c9116b255bb535da1,,False,raw_text/S203.txt,2026-05-17T13:52:46.727935+00:00
S204,core/S204_P506950-cf58d140-f416-4bb5-be00-6ac692b8c5c2.pdf,S204_P506950-cf58d140-f416-4bb5-be00-6ac692b8c5c2.pdf,pdf,ok,,4297696,ce43d3847def9ec6fd067b03123bbcf3d5750225f6a8ec28f7f3ec7e5d899add,45079,2f8388bf47ca84f6c5a52575af5663dc574f51cf90c16d68131d0b26e676982e,,False,raw_text/S204.txt,2026-05-17T13:52:46.727935+00:00
S206,core/S206_P50228315fd8d1050186341ea02e1c107bc.pdf,S206_P50228315fd8d1050186341ea02e1c107bc.pdf,pdf,ok,,7250180,6c3305e60b3e3f3db632e616ff9df5a46590ef4a8ce6cce381ff53a637c278c6,213160,6a41c21071ef6a20701331447fd7527aeff23a7eb45d5a02e365492519261796,,False,raw_text/S206.txt,2026-05-17T13:52:46.727935+00:00
S207,core/S207_IDU1d6aad48f1890e142451b9d4113ed5f8de6b6.pdf,S207_IDU1d6aad48f1890e142451b9d4113ed5f8de6b6.pdf,pdf,ok,,1005263,2979b08c6f33eaf91205018fbb3fffc20932cca6f85aad684521d1875e4bfa7b,96945,2d14988745e1128f2e1d4f0ad704223d8a4991685c938d625b55eb1248af8199,,False,raw_text/S207.txt,2026-05-17T13:52:46.727935+00:00
S208,core/S208_P180948107a5d805a1b73c13eba0689f300.pdf,S208_P180948107a5d805a1b73c13eba0689f300.pdf,pdf,ok,,14735271,547f0d15aee63cd383021deb9449bd20b9219480e1b203b815a118244f2e8efc,293769,55c7e4789628773c8354ccd5c790280dc44eb8725f0ef479d0712108c8697826,,False,raw_text/S208.txt,2026-05-17T13:52:46.727935+00:00
S209,core/S209_P179205128809e0dc19de214d179a0c63e7.pdf,S209_P179205128809e0dc19de214d179a0c63e7.pdf,pdf,ok,,701574,2aaad6863ff624154aee08eba704cc3b940ec2eb139475d3fbd65c9f938974af,18654,c14c683f20f163fd7b9a56fd0ec028a4900b1dfe7f459f1c77a66270adfd6d19,,False,raw_text/S209.txt,2026-05-17T13:52:46.727935+00:00
S210,core/S210_P1724171bc956a07d1bfd6105b3a20f7fa8.pdf,S210_P1724171bc956a07d1bfd6105b3a20f7fa8.pdf,pdf,ok,,26186134,6d630806e6f4eb8ee2240625b746db9ba82ddbacfbf559f131a14ed9bcf2a777,586746,e9568d0ea9d0390ce28852a8b5a627391c820bf32ed6f87d4f3ec72a2394f794,,False,raw_text/S210.txt,2026-05-17T13:52:46.727935+00:00
S211,core/S211_P17353019804ce0c21a7061a1fd10cdc973.pdf,S211_P17353019804ce0c21a7061a1fd10cdc973.pdf,pdf,ok,,2944023,fe761eb43e548af3191fdc9094ecae72ba53f38621a897dc591ac1f6c471e21b,219070,d455c380553ac297ff5b5e2dcd5c33b5a779942b81d3b61d5d8523425109400d,,False,raw_text/S211.txt,2026-05-17T13:52:46.727935+00:00
S212,core/S212_IDU-cae5f9c5-19fa-41f0-a141-53bd46c8ab84.pdf,S212_IDU-cae5f9c5-19fa-41f0-a141-53bd46c8ab84.pdf,pdf,ok,,1003189,393b5954b6a5db6d0689aed979a68fea7229c997b6c853c050c2ff4f222d9b7e,130340,f1edaaf9bc913425995ead3f55fa08cc977b31e47fa604f4090c56156717e128,,False,raw_text/S212.txt,2026-05-17T13:52:46.727935+00:00
S213,core/S213_IDU152823b13109c514ebd19c241a289470b6902.pdf,S213_IDU152823b13109c514ebd19c241a289470b6902.pdf,pdf,ok,,7644922,e3f2dbe5e9d570daec90c1aaed910b173690695ae52f5178f0bbe028bd2e371d,93545,8cc26399ceea4a358369dc54375eded1aa3b442842c3f7a980864d4764e3bb29,,False,raw_text/S213.txt,2026-05-17T13:52:46.727935+00:00
S214,core/S214_IDU-541b3b7d-7a2b-42c3-acff-ed2e9f55e063.pdf,S214_IDU-541b3b7d-7a2b-42c3-acff-ed2e9f55e063.pdf,pdf,ok,,1220475,e8d71a3320ac49ae3e1f1d952e89b707412807eafabdc4aace9734c5370234df,56438,ca95e3ff4eb8246c0947864018d94b4a8fab32661d6c524e860a046f2e8a4c33,,False,raw_text/S214.txt,2026-05-17T13:52:46.727935+00:00
S215,core/S215_IDU-6ad72da9-1317-4f05-98a9-1ee64358184c.pdf,S215_IDU-6ad72da9-1317-4f05-98a9-1ee64358184c.pdf,pdf,ok,,2152206,6d2c51923ace2eb8ac677250d7fb1ea0d00e49cc200d0b9b2f362f22afdd58c7,137580,bd8fa39978b968a2a7c590b5599cf63e5b6b6b66ee8cf942b0e2f18f12187f18,,False,raw_text/S215.txt,2026-05-17T13:52:46.727935+00:00
S216,core/S216_P1748151e06d8d0681b1cb1f0b0e1b73966.pdf,S216_P1748151e06d8d0681b1cb1f0b0e1b73966.pdf,pdf,ok,,12325586,e314dbb0e99c04d7c5de2c5083f2407655e22c2df9dbc53f826a6119871cec97,197457,956f72fc525aab8a98030a6dc451d3f869207555a2b17beb0c72f7510143e5f4,,False,raw_text/S216.txt,2026-05-17T13:52:46.727935+00:00
S217,core/S217_P15051502427620e4084f504a220c1b6e35.pdf,S217_P15051502427620e4084f504a220c1b6e35.pdf,pdf,ok,,18259959,0f61b8e110b2a8338bc531e18c489acbcd8ab4d2fda21785f9625aebdaf7a18b,484332,1c411c896357a73c93fd4beaf89fc4c323a55a2e3d247d37fb4e76a2c7bdf5de,,False,raw_text/S217.txt,2026-05-17T13:52:46.727935+00:00
S218,core/S218_P1794051f28660099188aa1e6b97a6e6a75.pdf,S218_P1794051f28660099188aa1e6b97a6e6a75.pdf,pdf,ok,,3748133,d6d11c3216ed27f7fce6fa27520546fc456d9aa82f51b309739ad22bb3e6c019,334042,aa3e3c77f62e5d57654ce1b52c568877f787213a3c26eb9bf310675de38413ab,,False,raw_text/S218.txt,2026-05-17T13:52:46.727935+00:00
S219,core/S219_IDU1c5664f6e1c35c146ca1855f13d13e3b79c24.pdf,S219_IDU1c5664f6e1c35c146ca1855f13d13e3b79c24.pdf,pdf,ok,,3563818,5ffc22e1f7555f8022bc25e6cd44f371c0096f9840cf6c4c6dd8b22a2c6dadc2,125746,0f5344b823ed8bb54ffbea54e989ee2f39c8ee15ea890a392ddc256f6382e381,,False,raw_text/S219.txt,2026-05-17T13:52:46.727935+00:00
S220,core/S220_IDU110c1abb314e71143a91b1241ea3b7ed68ff6.pdf,S220_IDU110c1abb314e71143a91b1241ea3b7ed68ff6.pdf,pdf,ok,,2931026,c99ec9e679cef1d053be48948f7a37000ad17ea2fa242f92f3898a9ed9a42282,155405,a92d09adddcdd508393950153ead79a03a7f7b48a7bb7a20befe7c760874f306,,False,raw_text/S220.txt,2026-05-17T13:52:46.727935+00:00
S221,core/S221_b3704e14-en.pdf,S221_b3704e14-en.pdf,pdf,ok,,11566508,6a8129801cbb7b4bc12c28febc4a8e9b1fcb95c21d29969540718c9db471325f,724890,f0483471abfba8866a36ac407879ce7c5712fe467ad6111e6385f879015a435c,file_sha256:6a8129801cbb7b4b,False,raw_text/S221.txt,2026-05-17T13:52:46.727935+00:00
S222,core/S222_0efd0bcd-en.pdf,S222_0efd0bcd-en.pdf,pdf,ok,,6751576,ec538cb8cfd096a8b956e11e711b3c8e0655214cc6c5e78e48ee5399588a5ea4,743698,5402880e7d66ad82d25a92ec0d6e6dc002c5fd1cb3ab7c04462e626b504546c9,,False,raw_text/S222.txt,2026-05-17T13:52:46.727935+00:00
S223,core/S223_d8814e8b-en.pdf,S223_d8814e8b-en.pdf,pdf,ok,,8152618,b516b2b23b1774e2735873b0a9f6efd7a875e581839669249cc6335ee88a1706,689999,5105f210c4e4c3c02359a721f774436268bfb36f9c7228b418a176d4556401d8,,False,raw_text/S223.txt,2026-05-17T13:52:46.727935+00:00
S224,core/S224_69a0c310-en.pdf,S224_69a0c310-en.pdf,pdf,ok,,6678678,ade88b27ef78fa0563b55d5c77b1fbd28f4446f91826fc386474f99a6ff0a661,558682,38e13da097f895831898993d5cab8a8e1ee9ca030b268ccb87a98bce177059f6,,False,raw_text/S224.txt,2026-05-17T13:52:46.727935+00:00
S225,core/S225_c3bad31e-en.pdf,S225_c3bad31e-en.pdf,pdf,ok,,801446,8a41248b575618d04de7aabce2ccf04399d8e3362888e653fc7f27e5cedef75b,23795,84e2967fa427a05e4c34275569e659141c63c2c1b3a8010cf60eb4bb5b9f8add,,False,raw_text/S225.txt,2026-05-17T13:52:46.727935+00:00
S226,core/S226_15eb6bfa-en.pdf,S226_15eb6bfa-en.pdf,pdf,ok,,268529,6c3a4aad2d53fe3f295482d761fca97661fa0ff229b4a5174a4e8240cd25ece0,8737,fd14c3466428feeaedd158176618b558d17c74d9988dc63ea246577a4a9a91eb,,False,raw_text/S226.txt,2026-05-17T13:52:46.727935+00:00
S227,core/S227_4ffc3e17-en.pdf,S227_4ffc3e17-en.pdf,pdf,ok,,452924,765d802b5dd2696459229a449912d19aa09bedc3e56c5fa875553b38be157623,22990,3d7f68fecad2eb2322472181bbbcd6f1ab66f83b7f2762a12bdfe8a984b20383,,False,raw_text/S227.txt,2026-05-17T13:52:46.727935+00:00
S228,core/S228_dc285395-en.pdf,S228_dc285395-en.pdf,pdf,ok,,6298649,5cfe3a8bd1138df236e736af776430ac62bf673693cbc5a5ee44199673391fd3,6871,8d98d9e47ed6f03b32451cb1793f2d72147e673a443cf2159a9f5ac66c1b0ccd,,False,raw_text/S228.txt,2026-05-17T13:52:46.727935+00:00
S229,core/S229_eedbe25b-en.pdf,S229_eedbe25b-en.pdf,pdf,ok,,1906193,7ce07ff1e7bd9c041367d13aef0fd50b28daf9dbb2f2f2c6bf1546b75a468ed2,33191,30be398fc1dced23ba2975201264f625ca74e3208ad36df5640f736d7bc78edc,,False,raw_text/S229.txt,2026-05-17T13:52:46.727935+00:00
S230,core/S230_1352ec7a-en.pdf,S230_1352ec7a-en.pdf,pdf,ok,,260057,ce6f77082b78b666a550942eeb1071523d45f233d6cee4eaa877137392c1f12e,7158,824a3ed889b0c5f56cbb9a9d9d7aaaf62b3bc95fba574f211760b6c775a05afc,,False,raw_text/S230.txt,2026-05-17T13:52:46.727935+00:00
S231,core/S231_ba997ec7-en.pdf,S231_ba997ec7-en.pdf,pdf,ok,,270008,9e4eeb013193e3be54c1b7dc7bbcbe6df51dbb601f9d476c3ef58f90eb8bfd2c,9183,adacf0ae51e951f3435bb816d910397d1535782bbe6375ae287e96eaedb14f45,,False,raw_text/S231.txt,2026-05-17T13:52:46.727935+00:00
S232,core/S232_636e4c7a-en.pdf,S232_636e4c7a-en.pdf,pdf,ok,,259743,7c6eaf18350b1a1b5e6e7fa0d92ec79f3a061eee2fbcbbfba1304ee55fda541e,6788,8d19d85001fe1ecde3cbc2d755f1086940497aa330ee6d223669f10743a68c92,,False,raw_text/S232.txt,2026-05-17T13:52:46.727935+00:00
S233,core/S233_f17c5d6a-en.pdf,S233_f17c5d6a-en.pdf,pdf,ok,,799636,ada0b7b75b4206cb9ab0768cf252e10ab098a542a468c6c5869041c15d080dde,23278,b010d0d9dd0bfad629a10fcc99dca2b477a8b4216f039e4448b65f96ff33ce4a,,False,raw_text/S233.txt,2026-05-17T13:52:46.727935+00:00
S234,core/S234_7376478c-en.pdf,S234_7376478c-en.pdf,pdf,ok,,863981,f354b7f9d3626d15a8be3ba40f20c9ae0bcc68820d3b1dd3d1eb8721bc2fe870,17775,bb6e374972d37f8250308ee5b1732d6f2e18176adc6042ed6d19b66dde760b00,,False,raw_text/S234.txt,2026-05-17T13:52:46.727935+00:00
S235,core/S235_e7d20315-en.pdf,S235_e7d20315-en.pdf,pdf,ok,,6234400,d3572b159deb72815f41660a45558341d911dc76596dcee15521e999c42b9edc,1533614,86b46fa3dcc9debd2e0e49ac5745a5c9400bae1a5c5b04eee2948c6f2a4b0d44,,False,raw_text/S235.txt,2026-05-17T13:52:46.727935+00:00
S236,core/S236_2024 IFAR_Annual Accounts_COM_2025_359_1_EU_WEB.pdf,S236_2024 IFAR_Annual Accounts_COM_2025_359_1_EU_WEB.pdf,pdf,ok,,3253335,4320419af917e26ff9b2998bfea7959a6a68f875c685d9baf0b36f8337224e83,548743,319509a848156ae2e80698d81cb6e13926f88f9c1cf7bb6417f4e5db4afb0a87,,False,raw_text/S236.txt,2026-05-17T13:52:46.727935+00:00
S237,core/S237_OP_AAR_2024_final.pdf,S237_OP_AAR_2024_final.pdf,pdf,ok,,10667795,2be35f0f82ff1f179bd81f9d6ff81f41328c698fbe539b9625e5e6a9b13ddc6a,891,8cb43c214ccce09a25f9c7c20441e1aedef39a402de5b0ba91fc19539d9ddb0e,,False,raw_text/S237.txt,2026-05-17T13:52:46.727935+00:00
S238,core/S238_RTD_AAR_2024_final.pdf,S238_RTD_AAR_2024_final.pdf,pdf,ok,,2116977,cc7b06330537c4fe6d1a6904f577542476539579d1779af3ac39ffcbcca7fac6,166269,62dcd121b3438ea88e8403c8e891ada0ae7b14e122fcb2f961672f49399c3ed0,,False,raw_text/S238.txt,2026-05-17T13:52:46.727935+00:00
S239,core/S239_JRC_AAR_2024_final .pdf,S239_JRC_AAR_2024_final .pdf,pdf,ok,,1679729,a9d07bc93797ea87b7ea5a1a661fb160c4f75913ba66649f4009fd681fcdafef,108237,aff590dadcf158fb1a37eeb4b3d614730bd9a9aa2de54b88a9173e112357950b,,False,raw_text/S239.txt,2026-05-17T13:52:46.727935+00:00
S240,core/S240_Report on the 2024 elections to the European Parliament.pdf,S240_Report on the 2024 elections to the European Parliament.pdf,pdf,ok,,537039,6497ac5ee3450afd4ef11d073016186b89d4480dc366dc180936c25ea0da69aa,115882,c6a1627c20d52ebe99971cba8bb9f4fb2b04995bc13c87655f1d0c1f2da4b86e,,False,raw_text/S240.txt,2026-05-17T13:52:46.727935+00:00
S241,core/S241_COM_2025_871_1_EN.pdf,S241_COM_2025_871_1_EN.pdf,pdf,ok,,5130338,d3176261665b89d767cf525ba4a442c99cd0118c28062ce3f74df1ad4e2a7195,325,107b75b8b45c042352c13576eb1e103676513114e835e28ce7fb0454ceab8882,,False,raw_text/S241.txt,2026-05-17T13:52:46.727935+00:00
S242,core/S242_EFB 2025 Annual Report.pdf,S242_EFB 2025 Annual Report.pdf,pdf,ok,,3034889,2016e49796ef7433cd40e379818848ffd6589a175727436503be57b56de9bf30,671616,01af038293c411784e2b74e6a147664df31e45f13e7e6db94c5c1e229ffa49bb,,False,raw_text/S242.txt,2026-05-17T13:52:46.727935+00:00
S243,core/S243_COM_2024_702_1_EN.pdf,S243_COM_2024_702_1_EN.pdf,pdf,ok,,390247,bba90b5ab8dbd1d8aa9710884467f98c0b07b07e58955f45b45fb18fae75ab0e,39455,0bc854051a8b77024ced2da33ea12fdbd79238cdf66bded7f2aeeb0ae0e7a998,,False,raw_text/S243.txt,2026-05-17T13:52:46.727935+00:00
S244,core/S244_DB2025-WD-01-programme-performance-statement.pdf,S244_DB2025-WD-01-programme-performance-statement.pdf,pdf,ok,,6590208,3d1def239c8d320df16b4d75c8c06d0082bb1863de96a73c696718d4af229f44,23060,91eac79d4d8881d23b9ea1da763618de94e53d5b934a0f00ce8c804087035285,,False,raw_text/S244.txt,2026-05-17T13:52:46.727935+00:00
S245,core/S245_debtadvice_final_report.pdf,S245_debtadvice_final_report.pdf,pdf,ok,,3769772,aeaf4cfb20b7f60bbf9d9f783c31082754cc810531220b4f2d9d45dd7b793a83,275002,b2185fa32ca7fb45de4c7f1a76d9e2f51e8057a050c2fb032524a3e3d136e4f8,,False,raw_text/S245.txt,2026-05-17T13:52:46.727935+00:00
S246,core/S246_2024 Gen Z en Millennial Survey _ Deloitte Nederland.pdf,S246_2024 Gen Z en Millennial Survey _ Deloitte Nederland.pdf,pdf,ok,,79030,a8291e70856743ea04e63e3d50789ba8dd98856bdc5aa3e2c5bb881dc2b91781,6972,65eb7a6cddb46ad9809a1a1e0973e38c96f87b2192224cc8131c57b17c6b7d5c,,False,raw_text/S246.txt,2026-05-17T13:52:46.727935+00:00
S247,core/S247_Deloitte’s 2024 Gen Z and Millennial Survey _ Deloitte Global.pdf,S247_Deloitte’s 2024 Gen Z and Millennial Survey _ Deloitte Global.pdf,pdf,ok,,106483,b2da34059eaaa6e19015c37fa357ee63f67dbf263814474b9bc69a02446a462f,10958,de313447faae94bc9f23988b61c554afcea6e5abb74bcdd137ca05b58bb4c92d,,False,raw_text/S247.txt,2026-05-17T13:52:46.727935+00:00
S248,core/S248_consumer-loyalty-survey.pdf,S248_consumer-loyalty-survey.pdf,pdf,ok,,8300344,af6948cc1a70c1770011dea1700342202a9f140bcf34997e9c930c6679de0c1b,19922,bca375f4ca93b845e62b55cacfe52c2cd014198fbfd47acccf82ae01f67c723a,,False,raw_text/S248.txt,2026-05-17T13:52:46.727935+00:00
S249,core/S249_Digital Consumer Trends.pdf,S249_Digital Consumer Trends.pdf,pdf,ok,,58670,c485705e2a3c85a2172b1389308476f5b3ddd8cc99d2343dc3d7f4e4c6f87e3f,687,38afb70b2ca96a5a7dafb04908a7e636221e6b420c16371c23cf2d824ba36a17,,False,raw_text/S249.txt,2026-05-17T13:52:46.727935+00:00
S250,core/S250_scale-ups-confidence-survey-2024-eu-report.pdf,S250_scale-ups-confidence-survey-2024-eu-report.pdf,pdf,ok,,5897854,5f175cefe6fd690a7c6ae303059646f084ce552adba7e90927ed67cc16f3e011,65878,5b7271196796e2f07dc37ebff51482d910930131f2d45028ddbb043e92f88720,,False,raw_text/S250.txt,2026-05-17T13:52:46.727935+00:00
S251,core/S251_NASDAQ_META_2024.pdf,S251_NASDAQ_META_2024.pdf,pdf,ok,,2456817,be49f4b35fc1e04ef48562c4c93763d00f316d8002cf7adbe7fb6d3aff6d64b9,553089,236d8e296f12b86c6caa3242dd8aa0e37a0681d8552fdb364ee466c704ff6297,file_sha256:be49f4b35fc1e04e,False,raw_text/S251.txt,2026-05-17T13:52:46.727935+00:00
S252,core/S252_NYSE_ORCL_2024.pdf,S252_NYSE_ORCL_2024.pdf,pdf,ok,,2343899,70241530f3237a198d7bd51abf6d902a0d3afbacfee2698658361ee14fd87388,715707,472c9361f279e192263df161999c7f7d7cf0dd1c3e545f8436e7c49cb04e1797,,False,raw_text/S252.txt,2026-05-17T13:52:46.727935+00:00
S253,core/S253_NYSE_SAP_2024.pdf,S253_NYSE_SAP_2024.pdf,pdf,ok,,6136658,8d8a860a17d9dfcd6d019d58bb2d07c5e6a4284f8b111313baeb190f48250040,1108730,c8bc42ad4eeec0facb3e565d8c38613179bbac2117bc636912ee3e07b56f4188,,False,raw_text/S253.txt,2026-05-17T13:52:46.727935+00:00
S254,core/S254_zurich_2024.pdf,S254_zurich_2024.pdf,pdf,ok,,18641599,4de572356b43a7bbba2fcff8db0146513d969a61b2e1485d401407d6bbe2ea3c,1419106,027a8f8f1ceac44aa16483c46bb04d01f1cf0be77e460f0a781af7cc1242e673,,False,raw_text/S254.txt,2026-05-17T13:52:46.727935+00:00
S255,core/S255_NASDAQ_META_2024.pdf,S255_NASDAQ_META_2024.pdf,pdf,ok,,2456817,be49f4b35fc1e04ef48562c4c93763d00f316d8002cf7adbe7fb6d3aff6d64b9,553089,236d8e296f12b86c6caa3242dd8aa0e37a0681d8552fdb364ee466c704ff6297,file_sha256:be49f4b35fc1e04e,False,raw_text/S255.txt,2026-05-17T13:52:46.727935+00:00
S256,core/S256_NYSE_CWAN_2024.pdf,S256_NYSE_CWAN_2024.pdf,pdf,ok,,1265068,410447cbf49cc44c5cabe663254ae2b73fc81d49ac0530d7c26a5e541795c5d9,446078,7d75e800be9f5c5a381e99e6a85467efc146b37ef882aa04b3e27202fbc5a079,,False,raw_text/S256.txt,2026-05-17T13:52:46.727935+00:00
S257,core/S257_gea-group_2024.pdf,S257_gea-group_2024.pdf,pdf,ok,,18359214,f293593c82e464c9fc8c96a2d02bb57b8d4fea0be6199aefab4f984e2d6767a6,1478304,f3dacb9b2c24c640f8af21e0d964dd0983615cdb8b6cd237e24a7049e6fbbda3,,False,raw_text/S257.txt,2026-05-17T13:52:46.727935+00:00
S258,core/S258_NYSE_C_2024.pdf,S258_NYSE_C_2024.pdf,pdf,ok,,9582034,c3aa3536367a3e00437303ba43bbb5785a63909348477a59aa5879b0f4ae440b,1290111,5786046293920fc0ac2464752e2b70d807d33f2e6d4acb8e83ac75d2a16c8eea,,False,raw_text/S258.txt,2026-05-17T13:52:46.727935+00:00
S259,core/S259_LSE_ULVR_2024.pdf,S259_LSE_ULVR_2024.pdf,pdf,ok,,16949978,c15d7a38b41d7baef49e78a9db9bbb1deaeec685ec160d1b7478c062eef8d6f2,1314092,fdb4cc5b414315976c253fcdb819470c2da4c66d9b3aa0013527e82a6990c091,,False,raw_text/S259.txt,2026-05-17T13:52:46.727935+00:00
S260,core/S260_NYSE_KO_2024.pdf,S260_NYSE_KO_2024.pdf,pdf,ok,,9275167,9a208552a31a8ffe592b8f0cac6892d072f4efa3e9cf8fa3888641b8bf658133,706140,2506832e473616bffa3bd6d05e9734eeecd3c3de1b00e0ee3709d48d1bb4c5dc,,False,raw_text/S260.txt,2026-05-17T13:52:46.727935+00:00
S261,core/S261_2303.18223v19.pdf,S261_2303.18223v19.pdf,pdf,ok,,5853703,585551fe1a17793d141f6bff3e595e63151e867a53353991c3c9891facc72377,861917,f3638440285e3654b31db1af5dff0c9673b266d87e3dd466e29f59d8b388d22d,,False,raw_text/S261.txt,2026-05-17T13:52:46.727935+00:00
S262,core/S262_2410.12837v1.pdf,S262_2410.12837v1.pdf,pdf,ok,,523247,0e0ea3430c2cba9a8f5dd06e17581e7cdaa42184130b69ff733a5ff9fc6a37db,52294,76486456d9a110d69e427c0247e216e17d992cab630c17f0d072ae6d674fc42b,,False,raw_text/S262.txt,2026-05-17T13:52:46.727935+00:00
S263,core/S263_2407.00783v1.pdf,S263_2407.00783v1.pdf,pdf,ok,,12528238,a8f0462e6c30e7680447056b92de7f19990d32dd4130ebaada7d4dd1607c4560,122691,9b6893bc1b836529ae52cd644af720e684956d3a7d29ce15aa5c0cd696171724,,False,raw_text/S263.txt,2026-05-17T13:52:46.727935+00:00
S264,core/S264_2409.16694v3.pdf,S264_2409.16694v3.pdf,pdf,ok,,18957554,1b434d6270cf73d3a9b8e972dc55d10c3fc6a068b5516252501f29cf34372dc0,158160,afee53dfcc799695aebbb247d5baf509865e9230bb116dfe50ba604eba67b96a,,False,raw_text/S264.txt,2026-05-17T13:52:46.727935+00:00
S265,core/S265_2405.07437v2.pdf,S265_2405.07437v2.pdf,pdf,ok,,573447,9ec643765eb079660cad9cf2bf7dcd3371e9ab9e05b1f94573cc101fb4a25374,65467,208bd671aaf95738afcf9bc5476a9c47dcfb6e750d0ce1457e88f0ff6e940bcd,,False,raw_text/S265.txt,2026-05-17T13:52:46.727935+00:00
S266,core/S266_2405.03636v3.pdf,S266_2405.03636v3.pdf,pdf,ok,,3085122,c739d843d8f8a43049ce1e22e56de6b8c16a309b1ab6f693c0829500fabe1c77,154349,abef052485a6e20a22b4b372dcf871a65518bcd52b9de4c213ce2d6a2c17d32e,,False,raw_text/S266.txt,2026-05-17T13:52:46.727935+00:00
S267,core/S267_2312.03863v4.pdf,S267_2312.03863v4.pdf,pdf,ok,,2126214,f411cc40dde380942e8caae3cbc59e2cd56e8300b7df0e27b0b32fba8391ee76,279625,39480a10f4a32364254404576532bf8945db5163ab0b0bc3d5e931f455069ded,,False,raw_text/S267.txt,2026-05-17T13:52:46.727935+00:00
S268,core/S268_2409.14924v1.pdf,S268_2409.14924v1.pdf,pdf,ok,,2113832,f1f55ce3edb6cfa73373aaf659d4d3c1e3a0863e7be2004d13b049c709b56af7,115832,174e0e0aae88e7477e9b4a3b26465499c41f781f06607cff4446f2eed8b0c269,,False,raw_text/S268.txt,2026-05-17T13:52:46.727935+00:00
S269,core/S269_2401.04472v3.pdf,S269_2401.04472v3.pdf,pdf,ok,,336237,4792abfd0e8ddb01c81d64ebcafb4ba0f20bf548f6031cd82128c97966063aaf,52614,48647cad2f7aff5a2233bc15015bab7bffc1e8472a4fd9b09e1f15982c10aaee,,False,raw_text/S269.txt,2026-05-17T13:52:46.727935+00:00
S270,core/S270_2402.06196v3.pdf,S270_2402.06196v3.pdf,pdf,ok,,4882035,c5b884dc070cc6ed3e4ec06214fa84d4afff0873e7e7f66f8dcdcd2285e10914,209484,971424b8610771a34e499dea0f9f34d567516516c4fb589715dcd22f451c4dee,,False,raw_text/S270.txt,2026-05-17T13:52:46.727935+00:00
